Fecha,Valor
1964-11-25 00:00,0.0
1964-11-26 00:00,10.0
1964-11-27 00:00,4.0
1964-11-28 00:00,26.0
1964-11-29 00:00,71.0
1964-11-30 00:00,24.0
1964-12-01 00:00,6.0
1964-12-02 00:00,13.0
1964-12-03 00:00,0.0
1964-12-04 00:00,0.0
1964-12-05 00:00,0.0
1964-12-06 00:00,14.0
1964-12-07 00:00,10.0
1964-12-08 00:00,0.0
1964-12-09 00:00,20.0
1964-12-10 00:00,18.0
1964-12-11 00:00,25.0
1964-12-12 00:00,0.0
1964-12-13 00:00,8.0
1964-12-14 00:00,4.0
1964-12-15 00:00,0.0
1964-12-16 00:00,9.0
1964-12-17 00:00,78.0
1964-12-18 00:00,2.0
1964-12-19 00:00,69.0
1964-12-20 00:00,0.0
1964-12-21 00:00,78.0
1964-12-22 00:00,0.0
1964-12-23 00:00,102.0
1964-12-24 00:00,2.0
1964-12-25 00:00,112.0
1964-12-26 00:00,75.0
1964-12-27 00:00,26.0
1964-12-28 00:00,11.0
1964-12-29 00:00,16.0
1964-12-30 00:00,0.0
1964-12-31 00:00,0.0
1965-01-01 00:00,0.0
1965-01-02 00:00,0.0
1965-01-03 00:00,75.0
1965-01-04 00:00,0.0
1965-01-05 00:00,60.0
1965-01-06 00:00,0.0
1965-01-07 00:00,20.0
1965-01-08 00:00,42.0
1965-01-09 00:00,23.0
1965-01-10 00:00,0.0
1965-01-11 00:00,48.0
1965-01-12 00:00,0.0
1965-01-13 00:00,0.0
1965-01-14 00:00,0.0
1965-01-15 00:00,4.0
1965-01-16 00:00,6.0
1965-01-17 00:00,20.0
1965-01-18 00:00,7.0
1965-01-19 00:00,6.0
1965-01-20 00:00,23.0
1965-01-21 00:00,50.0
1965-01-22 00:00,37.0
1965-01-23 00:00,0.0
1965-01-24 00:00,0.0
1965-01-25 00:00,0.0
1965-01-26 00:00,0.0
1965-01-27 00:00,0.0
1965-01-28 00:00,0.0
1965-01-29 00:00,0.0
1965-01-30 00:00,0.0
1965-01-31 00:00,0.0
1965-02-01 00:00,30.0
1965-02-02 00:00,28.0
1965-02-03 00:00,0.0
1965-02-04 00:00,35.0
1965-02-05 00:00,32.0
1965-02-06 00:00,0.0
1965-02-07 00:00,0.0
1965-02-08 00:00,0.0
1965-02-09 00:00,0.0
1965-02-10 00:00,0.0
1965-02-11 00:00,0.0
1965-02-12 00:00,0.0
1965-02-13 00:00,0.0
1965-02-14 00:00,5.0
1965-02-15 00:00,6.0
1965-02-16 00:00,0.0
1965-02-17 00:00,0.0
1965-02-18 00:00,0.0
1965-02-19 00:00,28.0
1965-02-20 00:00,0.0
1965-02-21 00:00,0.0
1965-02-22 00:00,37.0
1965-02-23 00:00,0.0
1965-02-24 00:00,0.0
1965-02-25 00:00,0.0
1965-02-26 00:00,0.0
1965-02-27 00:00,40.0
1965-02-28 00:00,2.0
1965-03-01 00:00,28.0
1965-03-02 00:00,0.0
1965-03-03 00:00,0.0
1965-03-04 00:00,25.0
1965-03-05 00:00,20.0
1965-03-06 00:00,5.0
1965-03-07 00:00,40.0
1965-03-08 00:00,30.0
1965-03-09 00:00,7.0
1965-03-10 00:00,0.0
1965-03-11 00:00,0.0
1965-03-12 00:00,6.0
1965-03-13 00:00,0.0
1965-03-14 00:00,0.0
1965-03-15 00:00,0.0
1965-03-16 00:00,35.0
1965-03-17 00:00,20.0
1965-03-18 00:00,53.0
1965-03-19 00:00,3.0
1965-03-20 00:00,0.0
1965-03-21 00:00,31.0
1965-03-22 00:00,0.0
1965-03-23 00:00,0.0
1965-03-24 00:00,0.0
1965-03-25 00:00,0.0
1965-03-26 00:00,0.0
1965-03-27 00:00,0.0
1965-03-28 00:00,40.0
1965-03-29 00:00,17.0
1965-03-30 00:00,10.0
1965-03-31 00:00,10.0
1965-04-01 00:00,15.0
1965-04-02 00:00,10.0
1965-04-03 00:00,20.0
1965-04-04 00:00,3.0
1965-04-05 00:00,20.0
1965-04-06 00:00,50.0
1965-04-07 00:00,45.0
1965-04-08 00:00,26.0
1965-04-09 00:00,23.0
1965-04-10 00:00,0.0
1965-04-11 00:00,0.0
1965-04-12 00:00,15.0
1965-04-13 00:00,0.0
1965-04-14 00:00,10.0
1965-04-15 00:00,16.0
1965-04-16 00:00,77.0
1965-04-17 00:00,72.0
1965-04-18 00:00,0.0
1965-04-19 00:00,3.0
1965-04-20 00:00,19.0
1965-04-21 00:00,0.0
1965-04-22 00:00,0.0
1965-04-23 00:00,0.0
1965-04-24 00:00,5.0
1965-04-25 00:00,6.0
1965-04-26 00:00,0.0
1965-04-27 00:00,26.0
1965-04-28 00:00,21.0
1965-04-29 00:00,0.0
1965-04-30 00:00,10.0
1965-05-01 00:00,0.0
1965-05-02 00:00,5.0
1965-05-03 00:00,0.0
1965-05-04 00:00,0.0
1965-05-05 00:00,0.0
1965-05-06 00:00,0.0
1965-05-07 00:00,24.0
1965-05-08 00:00,0.0
1965-05-09 00:00,27.0
1965-05-10 00:00,82.0
1965-05-11 00:00,42.0
1965-05-12 00:00,39.0
1965-05-13 00:00,72.0
1965-05-14 00:00,143.0
1965-05-15 00:00,0.0
1965-05-16 00:00,10.0
1965-05-17 00:00,10.0
1965-05-18 00:00,0.0
1965-05-19 00:00,2.0
1965-05-20 00:00,7.0
1965-05-21 00:00,10.0
1965-05-22 00:00,0.0
1965-05-23 00:00,0.0
1965-05-24 00:00,0.0
1965-05-25 00:00,34.0
1965-05-26 00:00,0.0
1965-05-27 00:00,75.0
1965-05-28 00:00,14.0
1965-05-29 00:00,7.0
1965-05-30 00:00,24.0
1965-05-31 00:00,8.0
1965-06-01 00:00,0.0
1965-06-02 00:00,0.0
1965-06-03 00:00,0.0
1965-06-04 00:00,0.0
1965-06-05 00:00,0.0
1965-06-06 00:00,0.0
1965-06-07 00:00,0.0
1965-06-08 00:00,0.0
1965-06-09 00:00,0.0
1965-06-10 00:00,0.0
1965-06-11 00:00,5.0
1965-06-12 00:00,0.0
1965-06-13 00:00,40.0
1965-06-14 00:00,0.0
1965-06-15 00:00,0.0
1965-06-16 00:00,3.0
1965-06-17 00:00,2.0
1965-06-18 00:00,0.0
1965-06-19 00:00,0.0
1965-06-20 00:00,0.0
1965-06-21 00:00,0.0
1965-06-22 00:00,0.0
1965-06-23 00:00,0.0
1965-06-24 00:00,0.0
1965-06-25 00:00,0.0
1965-06-26 00:00,0.0
1965-06-27 00:00,0.0
1965-06-28 00:00,0.0
1965-06-29 00:00,0.0
1965-06-30 00:00,0.0
1965-07-01 00:00,32.0
1965-07-02 00:00,29.0
1965-07-03 00:00,16.0
1965-07-04 00:00,10.0
1965-07-05 00:00,4.0
1965-07-06 00:00,43.0
1965-07-07 00:00,0.0
1965-07-08 00:00,0.0
1965-07-09 00:00,0.0
1965-07-10 00:00,0.0
1965-07-11 00:00,7.0
1965-07-12 00:00,5.0
1965-07-13 00:00,0.0
1965-07-14 00:00,35.0
1965-07-15 00:00,0.0
1965-07-16 00:00,0.0
1965-07-17 00:00,0.0
1965-07-18 00:00,0.0
1965-07-19 00:00,0.0
1965-07-20 00:00,0.0
1965-07-21 00:00,0.0
1965-07-22 00:00,0.0
1965-07-23 00:00,0.0
1965-07-24 00:00,0.0
1965-07-25 00:00,0.0
1965-07-26 00:00,0.0
1965-07-27 00:00,0.0
1965-07-28 00:00,0.0
1965-07-29 00:00,0.0
1965-07-30 00:00,10.0
1965-07-31 00:00,0.0
1965-08-01 00:00,0.0
1965-08-02 00:00,48.0
1965-08-03 00:00,10.0
1965-08-04 00:00,47.0
1965-08-05 00:00,0.0
1965-08-06 00:00,20.0
1965-08-07 00:00,58.0
1965-08-08 00:00,0.0
1965-08-09 00:00,37.0
1965-08-10 00:00,0.0
1965-08-11 00:00,0.0
1965-08-12 00:00,0.0
1965-08-13 00:00,0.0
1965-08-14 00:00,0.0
1965-08-15 00:00,71.0
1965-08-16 00:00,4.0
1965-08-17 00:00,8.0
1965-08-18 00:00,32.0
1965-08-19 00:00,34.0
1965-08-20 00:00,10.0
1965-08-21 00:00,0.0
1965-08-22 00:00,0.0
1965-08-23 00:00,0.0
1965-08-24 00:00,0.0
1965-08-25 00:00,10.0
1965-08-26 00:00,8.0
1965-08-27 00:00,0.0
1965-08-28 00:00,0.0
1965-08-29 00:00,0.0
1965-08-30 00:00,15.0
1965-08-31 00:00,0.0
1965-09-01 00:00,7.0
1965-09-02 00:00,0.0
1965-09-03 00:00,40.0
1965-09-04 00:00,65.0
1965-09-05 00:00,0.0
1965-09-06 00:00,70.0
1965-09-07 00:00,0.0
1965-09-08 00:00,40.0
1965-09-09 00:00,17.0
1965-09-10 00:00,0.0
1965-09-11 00:00,56.0
1965-09-12 00:00,0.0
1965-09-13 00:00,0.0
1965-09-14 00:00,0.0
1965-09-15 00:00,12.0
1965-09-16 00:00,0.0
1965-09-17 00:00,0.0
1965-09-18 00:00,13.0
1965-09-19 00:00,10.0
1965-09-20 00:00,20.0
1965-09-21 00:00,0.0
1965-09-22 00:00,0.0
1965-09-23 00:00,64.0
1965-09-24 00:00,0.0
1965-09-25 00:00,29.0
1965-09-26 00:00,8.0
1965-09-27 00:00,30.0
1965-09-28 00:00,40.0
1965-09-29 00:00,17.0
1965-09-30 00:00,13.0
1965-10-01 00:00,0.0
1965-10-02 00:00,40.0
1965-10-03 00:00,70.0
1965-10-04 00:00,0.0
1965-10-05 00:00,0.0
1965-10-06 00:00,0.0
1965-10-07 00:00,0.0
1965-10-08 00:00,42.0
1965-10-09 00:00,0.0
1965-10-10 00:00,33.0
1965-10-11 00:00,28.0
1965-10-12 00:00,32.0
1965-10-13 00:00,0.0
1965-10-14 00:00,8.0
1965-10-15 00:00,0.0
1965-10-16 00:00,32.0
1965-10-17 00:00,25.0
1965-10-18 00:00,50.0
1965-10-19 00:00,63.0
1965-10-20 00:00,3.0
1965-10-21 00:00,20.0
1965-10-22 00:00,40.0
1965-10-23 00:00,0.0
1965-10-24 00:00,0.0
1965-10-25 00:00,0.0
1965-10-26 00:00,0.0
1965-10-27 00:00,50.0
1965-10-28 00:00,25.0
1965-10-29 00:00,15.0
1965-10-30 00:00,17.0
1965-10-31 00:00,0.0
1965-11-01 00:00,18.0
1965-11-02 00:00,27.0
1965-11-03 00:00,104.0
1965-11-04 00:00,0.0
1965-11-05 00:00,20.0
1965-11-06 00:00,0.0
1965-11-07 00:00,10.0
1965-11-08 00:00,16.0
1965-11-09 00:00,8.0
1965-11-10 00:00,6.0
1965-11-11 00:00,0.0
1965-11-12 00:00,70.0
1965-11-13 00:00,2.0
1965-11-14 00:00,0.0
1965-11-15 00:00,40.0
1965-11-16 00:00,59.0
1965-11-17 00:00,5.0
1965-11-18 00:00,81.0
1965-11-19 00:00,10.0
1965-11-20 00:00,60.0
1965-11-21 00:00,46.0
1965-11-22 00:00,38.0
1965-11-23 00:00,28.0
1965-11-24 00:00,10.0
1965-11-25 00:00,12.0
1965-11-26 00:00,20.0
1965-11-27 00:00,52.0
1965-11-28 00:00,45.0
1965-11-29 00:00,26.0
1965-11-30 00:00,10.0
1965-12-01 00:00,19.0
1965-12-02 00:00,5.0
1965-12-03 00:00,0.0
1965-12-04 00:00,0.0
1965-12-05 00:00,20.0
1965-12-06 00:00,10.0
1965-12-07 00:00,90.0
1965-12-08 00:00,20.0
1965-12-09 00:00,10.0
1965-12-10 00:00,50.0
1965-12-11 00:00,38.0
1965-12-12 00:00,36.0
1965-12-13 00:00,49.0
1965-12-14 00:00,0.0
1965-12-15 00:00,10.0
1965-12-16 00:00,73.0
1965-12-17 00:00,50.0
1965-12-18 00:00,0.0
1965-12-19 00:00,0.0
1965-12-20 00:00,0.0
1965-12-21 00:00,6.0
1965-12-22 00:00,0.0
1965-12-23 00:00,0.0
1965-12-24 00:00,7.0
1965-12-25 00:00,42.0
1965-12-26 00:00,0.0
1965-12-27 00:00,45.0
1965-12-28 00:00,46.0
1965-12-29 00:00,10.0
1965-12-30 00:00,22.0
1965-12-31 00:00,40.0
1966-01-01 00:00,45.0
1966-01-02 00:00,0.0
1966-01-03 00:00,0.0
1966-01-04 00:00,10.0
1966-01-05 00:00,0.0
1966-01-06 00:00,15.0
1966-01-07 00:00,10.0
1966-01-08 00:00,30.0
1966-01-09 00:00,70.0
1966-01-10 00:00,13.0
1966-01-11 00:00,0.0
1966-01-12 00:00,0.0
1966-01-13 00:00,10.0
1966-01-14 00:00,24.0
1966-01-15 00:00,55.0
1966-01-16 00:00,10.0
1966-01-17 00:00,10.0
1966-01-18 00:00,10.0
1966-01-19 00:00,0.0
1966-01-20 00:00,0.0
1966-01-21 00:00,0.0
1966-01-22 00:00,0.0
1966-01-23 00:00,0.0
1966-01-24 00:00,10.0
1966-01-25 00:00,0.0
1966-01-26 00:00,0.0
1966-01-27 00:00,20.0
1966-01-28 00:00,0.0
1966-01-29 00:00,0.0
1966-01-30 00:00,10.0
1966-01-31 00:00,25.0
1966-02-01 00:00,0.0
1966-02-02 00:00,160.0
1966-02-03 00:00,0.0
1966-02-04 00:00,0.0
1966-02-05 00:00,0.0
1966-02-06 00:00,0.0
1966-02-07 00:00,70.0
1966-02-08 00:00,80.0
1966-02-09 00:00,0.0
1966-02-10 00:00,0.0
1966-02-11 00:00,0.0
1966-02-12 00:00,0.0
1966-02-13 00:00,0.0
1966-02-14 00:00,0.0
1966-02-15 00:00,0.0
1966-02-16 00:00,6.0
1966-02-17 00:00,0.0
1966-02-18 00:00,0.0
1966-02-19 00:00,0.0
1966-02-20 00:00,0.0
1966-02-21 00:00,30.0
1966-02-22 00:00,75.0
1966-02-23 00:00,0.0
1966-02-24 00:00,0.0
1966-02-25 00:00,0.0
1966-02-26 00:00,0.0
1966-02-27 00:00,0.0
1966-02-28 00:00,35.0
1966-03-01 00:00,20.0
1966-03-02 00:00,0.0
1966-03-03 00:00,0.0
1966-03-04 00:00,6.0
1966-03-05 00:00,0.0
1966-03-06 00:00,0.0
1966-03-07 00:00,0.0
1966-03-08 00:00,55.0
1966-03-09 00:00,0.0
1966-03-10 00:00,10.0
1966-03-11 00:00,0.0
1966-03-12 00:00,0.0
1966-03-13 00:00,10.0
1966-03-14 00:00,0.0
1966-03-15 00:00,0.0
1966-03-16 00:00,10.0
1966-03-17 00:00,23.0
1966-03-18 00:00,0.0
1966-03-19 00:00,20.0
1966-03-20 00:00,10.0
1966-03-21 00:00,0.0
1966-03-22 00:00,0.0
1966-03-23 00:00,0.0
1966-03-24 00:00,0.0
1966-03-25 00:00,0.0
1966-03-26 00:00,0.0
1966-03-27 00:00,17.0
1966-03-28 00:00,0.0
1966-03-29 00:00,0.0
1966-03-30 00:00,0.0
1966-03-31 00:00,0.0
1966-04-01 00:00,0.0
1966-04-02 00:00,0.0
1966-04-03 00:00,0.0
1966-04-04 00:00,0.0
1966-04-05 00:00,20.0
1966-04-06 00:00,0.0
1966-04-07 00:00,0.0
1966-04-08 00:00,0.0
1966-04-09 00:00,25.0
1966-04-10 00:00,0.0
1966-04-11 00:00,5.0
1966-04-12 00:00,20.0
1966-04-13 00:00,0.0
1966-04-14 00:00,0.0
1966-04-15 00:00,22.0
1966-04-16 00:00,0.0
1966-04-17 00:00,0.0
1966-04-18 00:00,80.0
1966-04-19 00:00,0.0
1966-04-20 00:00,0.0
1966-04-21 00:00,0.0
1966-04-22 00:00,75.0
1966-04-23 00:00,70.0
1966-04-24 00:00,0.0
1966-04-25 00:00,65.0
1966-04-26 00:00,35.0
1966-04-27 00:00,0.0
1966-04-28 00:00,0.0
1966-04-29 00:00,0.0
1966-04-30 00:00,0.0
1966-05-01 00:00,0.0
1966-05-02 00:00,27.0
1966-05-03 00:00,0.0
1966-05-04 00:00,10.0
1966-05-05 00:00,0.0
1966-05-06 00:00,40.0
1966-05-07 00:00,50.0
1966-05-08 00:00,0.0
1966-05-09 00:00,0.0
1966-05-10 00:00,40.0
1966-05-11 00:00,20.0
1966-05-12 00:00,10.0
1966-05-13 00:00,0.0
1966-05-14 00:00,100.0
1966-05-15 00:00,37.0
1966-05-16 00:00,0.0
1966-05-17 00:00,80.0
1966-05-18 00:00,20.0
1966-05-19 00:00,10.0
1966-05-20 00:00,0.0
1966-05-21 00:00,80.0
1966-05-22 00:00,0.0
1966-05-23 00:00,40.0
1966-05-24 00:00,0.0
1966-05-25 00:00,0.0
1966-05-26 00:00,25.0
1966-05-27 00:00,43.0
1966-05-28 00:00,0.0
1966-05-29 00:00,15.0
1966-05-30 00:00,0.0
1966-05-31 00:00,90.0
1966-06-01 00:00,20.0
1966-06-02 00:00,31.0
1966-06-03 00:00,0.0
1966-06-04 00:00,0.0
1966-06-05 00:00,10.0
1966-06-06 00:00,0.0
1966-06-07 00:00,35.0
1966-06-08 00:00,40.0
1966-06-09 00:00,0.0
1966-06-10 00:00,0.0
1966-06-11 00:00,36.0
1966-06-12 00:00,40.0
1966-06-13 00:00,10.0
1966-06-14 00:00,0.0
1966-06-15 00:00,10.0
1966-06-16 00:00,17.0
1966-06-17 00:00,0.0
1966-06-18 00:00,50.0
1966-06-19 00:00,10.0
1966-06-20 00:00,0.0
1966-06-21 00:00,50.0
1966-06-22 00:00,0.0
1966-06-23 00:00,10.0
1966-06-24 00:00,25.0
1966-06-25 00:00,10.0
1966-06-26 00:00,0.0
1966-06-27 00:00,0.0
1966-06-28 00:00,50.0
1966-06-29 00:00,22.0
1966-06-30 00:00,0.0
1966-07-01 00:00,0.0
1966-07-02 00:00,0.0
1966-07-03 00:00,0.0
1966-07-04 00:00,0.0
1966-07-05 00:00,0.0
1966-07-06 00:00,0.0
1966-07-07 00:00,6.0
1966-07-08 00:00,6.0
1966-07-09 00:00,0.0
1966-07-10 00:00,17.0
1966-07-11 00:00,0.0
1966-07-12 00:00,30.0
1966-07-13 00:00,0.0
1966-07-14 00:00,0.0
1966-07-15 00:00,15.0
1966-07-16 00:00,30.0
1966-07-17 00:00,0.0
1966-07-18 00:00,0.0
1966-07-19 00:00,0.0
1966-07-20 00:00,0.0
1966-07-21 00:00,0.0
1966-07-22 00:00,0.0
1966-07-23 00:00,20.0
1966-07-24 00:00,20.0
1966-07-25 00:00,0.0
1966-07-26 00:00,0.0
1966-07-27 00:00,0.0
1966-07-28 00:00,15.0
1966-07-29 00:00,20.0
1966-07-30 00:00,0.0
1966-07-31 00:00,0.0
1966-08-01 00:00,0.0
1966-08-02 00:00,0.0
1966-08-03 00:00,0.0
1966-08-04 00:00,90.0
1966-08-05 00:00,0.0
1966-08-06 00:00,0.0
1966-08-07 00:00,0.0
1966-08-08 00:00,0.0
1966-08-09 00:00,0.0
1966-08-10 00:00,0.0
1966-08-11 00:00,0.0
1966-08-12 00:00,0.0
1966-08-13 00:00,0.0
1966-08-14 00:00,50.0
1966-08-15 00:00,90.0
1966-08-16 00:00,30.0
1966-08-17 00:00,10.0
1966-08-18 00:00,0.0
1966-08-19 00:00,0.0
1966-08-20 00:00,0.0
1966-08-21 00:00,23.0
1966-08-22 00:00,0.0
1966-08-23 00:00,0.0
1966-08-24 00:00,0.0
1966-08-25 00:00,40.0
1966-08-26 00:00,0.0
1966-08-27 00:00,45.0
1966-08-28 00:00,60.0
1966-08-29 00:00,60.0
1966-08-30 00:00,45.0
1966-08-31 00:00,40.0
1966-09-01 00:00,0.0
1966-09-02 00:00,0.0
1966-09-03 00:00,51.0
1966-09-04 00:00,51.0
1966-09-05 00:00,0.0
1966-09-06 00:00,0.0
1966-09-07 00:00,0.0
1966-09-08 00:00,30.0
1966-09-09 00:00,0.0
1966-09-10 00:00,60.0
1966-09-11 00:00,27.0
1966-09-12 00:00,28.0
1966-09-13 00:00,0.0
1966-09-14 00:00,22.0
1966-09-15 00:00,0.0
1966-09-16 00:00,10.0
1966-09-17 00:00,0.0
1966-09-18 00:00,0.0
1966-09-19 00:00,13.0
1966-09-20 00:00,0.0
1966-09-21 00:00,30.0
1966-09-22 00:00,0.0
1966-09-23 00:00,0.0
1966-09-24 00:00,0.0
1966-09-25 00:00,10.0
1966-09-26 00:00,20.0
1966-09-27 00:00,0.0
1966-09-28 00:00,40.0
1966-09-29 00:00,100.0
1966-09-30 00:00,100.0
1966-10-01 00:00,150.0
1966-10-02 00:00,0.0
1966-10-03 00:00,0.0
1966-10-04 00:00,25.0
1966-10-05 00:00,70.0
1966-10-06 00:00,70.0
1966-10-07 00:00,0.0
1966-10-08 00:00,15.0
1966-10-09 00:00,35.0
1966-10-10 00:00,0.0
1966-10-11 00:00,20.0
1966-10-12 00:00,0.0
1966-10-13 00:00,25.0
1966-10-14 00:00,20.0
1966-10-15 00:00,0.0
1966-10-16 00:00,20.0
1966-10-17 00:00,20.0
1966-10-18 00:00,0.0
1966-10-19 00:00,15.0
1966-10-20 00:00,0.0
1966-10-21 00:00,0.0
1966-10-22 00:00,25.0
1966-10-23 00:00,40.0
1966-10-24 00:00,15.0
1966-10-25 00:00,15.0
1966-10-26 00:00,30.0
1966-10-27 00:00,40.0
1966-10-28 00:00,0.0
1966-10-29 00:00,5.0
1966-10-30 00:00,0.0
1966-10-31 00:00,10.0
1966-11-01 00:00,80.0
1966-11-02 00:00,0.0
1966-11-03 00:00,0.0
1966-11-04 00:00,0.0
1966-11-05 00:00,70.0
1966-11-06 00:00,70.0
1966-11-07 00:00,20.0
1966-11-08 00:00,15.0
1966-11-09 00:00,0.0
1966-11-10 00:00,35.0
1966-11-11 00:00,35.0
1966-11-12 00:00,70.0
1966-11-13 00:00,30.0
1966-11-14 00:00,35.0
1966-11-15 00:00,15.0
1966-11-16 00:00,15.0
1966-11-17 00:00,0.0
1966-11-18 00:00,60.0
1966-11-19 00:00,30.0
1966-11-20 00:00,30.0
1966-11-21 00:00,30.0
1966-11-22 00:00,50.0
1966-11-23 00:00,60.0
1966-11-24 00:00,20.0
1966-11-25 00:00,70.0
1966-11-26 00:00,70.0
1966-11-27 00:00,68.0
1966-11-28 00:00,70.0
1966-11-29 00:00,100.0
1966-11-30 00:00,120.0
1966-12-01 00:00,50.0
1966-12-02 00:00,50.0
1966-12-03 00:00,45.0
1966-12-04 00:00,50.0
1966-12-05 00:00,18.0
1966-12-06 00:00,60.0
1966-12-07 00:00,30.0
1966-12-08 00:00,10.0
1966-12-09 00:00,20.0
1966-12-10 00:00,40.0
1966-12-11 00:00,60.0
1966-12-12 00:00,6.0
1966-12-13 00:00,15.0
1966-12-14 00:00,18.0
1966-12-15 00:00,7.0
1966-12-16 00:00,30.0
1966-12-17 00:00,20.0
1966-12-18 00:00,18.0
1966-12-19 00:00,10.0
1966-12-20 00:00,20.0
1966-12-21 00:00,20.0
1966-12-22 00:00,10.0
1966-12-23 00:00,20.0
1966-12-24 00:00,30.0
1966-12-25 00:00,0.0
1966-12-26 00:00,0.0
1966-12-27 00:00,0.0
1966-12-28 00:00,40.0
1966-12-29 00:00,30.0
1966-12-30 00:00,0.0
1966-12-31 00:00,0.0
1967-01-01 00:00,29.0
1967-01-02 00:00,21.0
1967-01-03 00:00,42.0
1967-01-04 00:00,15.0
1967-01-05 00:00,18.0
1967-01-06 00:00,49.0
1967-01-07 00:00,0.0
1967-01-08 00:00,0.0
1967-01-09 00:00,0.0
1967-01-10 00:00,0.0
1967-01-11 00:00,25.0
1967-01-12 00:00,0.0
1967-01-13 00:00,60.0
1967-01-14 00:00,0.0
1967-01-15 00:00,0.0
1967-01-16 00:00,12.0
1967-01-17 00:00,7.0
1967-01-18 00:00,25.0
1967-01-19 00:00,20.0
1967-01-20 00:00,52.0
1967-01-21 00:00,12.0
1967-01-22 00:00,0.0
1967-01-23 00:00,10.0
1967-01-24 00:00,0.0
1967-01-25 00:00,12.0
1967-01-26 00:00,0.0
1967-01-27 00:00,0.0
1967-01-28 00:00,12.0
1967-01-29 00:00,10.0
1967-01-30 00:00,0.0
1967-01-31 00:00,70.0
1967-02-01 00:00,20.0
1967-02-02 00:00,22.0
1967-02-03 00:00,10.0
1967-02-04 00:00,25.0
1967-02-05 00:00,0.0
1967-02-06 00:00,15.0
1967-02-07 00:00,10.0
1967-02-08 00:00,0.0
1967-02-09 00:00,0.0
1967-02-10 00:00,0.0
1967-02-11 00:00,0.0
1967-02-12 00:00,0.0
1967-02-13 00:00,0.0
1967-02-14 00:00,0.0
1967-02-15 00:00,0.0
1967-02-16 00:00,42.0
1967-02-17 00:00,30.0
1967-02-18 00:00,45.0
1967-02-19 00:00,56.0
1967-02-20 00:00,8.0
1967-02-21 00:00,0.0
1967-02-22 00:00,45.0
1967-02-23 00:00,0.0
1967-02-24 00:00,0.0
1967-02-25 00:00,0.0
1967-02-26 00:00,58.0
1967-02-27 00:00,0.0
1967-02-28 00:00,18.0
1967-03-01 00:00,10.0
1967-03-02 00:00,0.0
1967-03-03 00:00,15.0
1967-03-04 00:00,28.0
1967-03-05 00:00,20.0
1967-03-06 00:00,50.0
1967-03-07 00:00,60.0
1967-03-08 00:00,0.0
1967-03-10 00:00,0.0
1967-03-11 00:00,5.0
1967-03-12 00:00,0.0
1967-03-13 00:00,0.0
1967-03-14 00:00,30.0
1967-03-15 00:00,0.0
1967-03-16 00:00,28.0
1967-03-17 00:00,24.0
1967-03-18 00:00,0.0
1967-03-19 00:00,0.0
1967-03-20 00:00,0.0
1967-03-21 00:00,32.0
1967-03-22 00:00,0.0
1967-03-23 00:00,0.0
1967-03-24 00:00,0.0
1967-03-25 00:00,0.0
1967-03-26 00:00,30.0
1967-03-27 00:00,60.0
1967-03-28 00:00,25.0
1967-03-29 00:00,10.0
1967-03-30 00:00,37.0
1967-03-31 00:00,0.0
1967-04-01 00:00,30.0
1967-04-02 00:00,23.0
1967-04-03 00:00,0.0
1967-04-04 00:00,0.0
1967-04-05 00:00,0.0
1967-04-06 00:00,0.0
1967-04-07 00:00,0.0
1967-04-08 00:00,70.0
1967-04-09 00:00,0.0
1967-04-10 00:00,5.0
1967-04-11 00:00,0.0
1967-04-12 00:00,45.0
1967-04-13 00:00,0.0
1967-04-14 00:00,0.0
1967-04-15 00:00,0.0
1967-04-16 00:00,0.0
1967-04-17 00:00,0.0
1967-04-18 00:00,20.0
1967-04-19 00:00,10.0
1967-04-20 00:00,26.0
1967-04-21 00:00,0.0
1967-04-22 00:00,26.0
1967-04-23 00:00,0.0
1967-04-24 00:00,0.0
1967-04-25 00:00,0.0
1967-04-26 00:00,78.0
1967-04-27 00:00,10.0
1967-04-28 00:00,37.0
1967-04-29 00:00,41.0
1967-04-30 00:00,63.0
1967-05-01 00:00,15.0
1967-05-02 00:00,0.0
1967-05-03 00:00,51.0
1967-05-04 00:00,0.0
1967-05-05 00:00,0.0
1967-05-06 00:00,0.0
1967-05-07 00:00,51.0
1967-05-08 00:00,0.0
1967-05-09 00:00,0.0
1967-05-10 00:00,0.0
1967-05-11 00:00,25.0
1967-05-12 00:00,36.0
1967-05-13 00:00,48.0
1967-05-14 00:00,60.0
1967-05-15 00:00,0.0
1967-05-16 00:00,51.0
1967-05-17 00:00,28.0
1967-05-18 00:00,10.0
1967-05-19 00:00,20.0
1967-05-20 00:00,0.0
1967-05-21 00:00,35.0
1967-05-22 00:00,77.0
1967-05-23 00:00,0.0
1967-05-24 00:00,15.0
1967-05-25 00:00,0.0
1967-05-26 00:00,10.0
1967-05-27 00:00,0.0
1967-05-28 00:00,0.0
1967-05-29 00:00,20.0
1967-05-30 00:00,10.0
1967-05-31 00:00,13.0
1967-06-01 00:00,22.0
1967-06-02 00:00,30.0
1967-06-03 00:00,26.0
1967-06-04 00:00,100.0
1967-06-05 00:00,16.0
1967-06-06 00:00,52.0
1967-06-07 00:00,0.0
1967-06-08 00:00,10.0
1967-06-09 00:00,0.0
1967-06-10 00:00,40.0
1967-06-11 00:00,0.0
1967-06-12 00:00,0.0
1967-06-13 00:00,0.0
1967-06-14 00:00,0.0
1967-06-15 00:00,0.0
1967-06-16 00:00,0.0
1967-06-17 00:00,0.0
1967-06-18 00:00,0.0
1967-06-19 00:00,0.0
1967-06-20 00:00,0.0
1967-06-21 00:00,0.0
1967-06-22 00:00,0.0
1967-06-23 00:00,0.0
1967-06-24 00:00,0.0
1967-06-25 00:00,0.0
1967-06-26 00:00,15.0
1967-06-27 00:00,0.0
1967-06-28 00:00,0.0
1967-06-29 00:00,0.0
1967-06-30 00:00,15.0
1967-07-01 00:00,0.0
1967-07-02 00:00,0.0
1967-07-03 00:00,0.0
1967-07-04 00:00,20.0
1967-07-05 00:00,0.0
1967-07-06 00:00,0.0
1967-07-07 00:00,0.0
1967-07-08 00:00,0.0
1967-07-09 00:00,10.0
1967-07-10 00:00,45.0
1967-07-11 00:00,0.0
1967-07-12 00:00,50.0
1967-07-13 00:00,0.0
1967-07-14 00:00,70.0
1967-07-15 00:00,15.0
1967-07-16 00:00,0.0
1967-07-17 00:00,0.0
1967-07-18 00:00,0.0
1967-07-19 00:00,0.0
1967-07-20 00:00,0.0
1967-07-21 00:00,20.0
1967-07-22 00:00,0.0
1967-07-23 00:00,20.0
1967-07-24 00:00,0.0
1967-07-25 00:00,0.0
1967-07-26 00:00,0.0
1967-07-27 00:00,0.0
1967-07-28 00:00,0.0
1967-07-29 00:00,0.0
1967-07-30 00:00,0.0
1967-07-31 00:00,18.0
1967-08-01 00:00,0.0
1967-08-02 00:00,0.0
1967-08-03 00:00,0.0
1967-08-04 00:00,0.0
1967-08-05 00:00,0.0
1967-08-06 00:00,0.0
1967-08-07 00:00,0.0
1967-08-08 00:00,0.0
1967-08-09 00:00,65.0
1967-08-10 00:00,20.0
1967-08-11 00:00,0.0
1967-08-12 00:00,0.0
1967-08-13 00:00,0.0
1967-08-14 00:00,0.0
1967-08-15 00:00,10.0
1967-08-16 00:00,0.0
1967-08-17 00:00,0.0
1967-08-18 00:00,0.0
1967-08-19 00:00,30.0
1967-08-20 00:00,0.0
1967-08-21 00:00,0.0
1967-08-22 00:00,60.0
1967-08-23 00:00,0.0
1967-08-24 00:00,0.0
1967-08-25 00:00,0.0
1967-08-26 00:00,40.0
1967-08-27 00:00,20.0
1967-08-28 00:00,0.0
1967-08-29 00:00,0.0
1967-08-30 00:00,0.0
1967-08-31 00:00,0.0
1967-09-01 00:00,0.0
1967-09-02 00:00,0.0
1967-09-03 00:00,10.0
1967-09-04 00:00,20.0
1967-09-05 00:00,60.0
1967-09-06 00:00,75.0
1967-09-07 00:00,0.0
1967-09-08 00:00,12.0
1967-09-09 00:00,90.0
1967-09-10 00:00,0.0
1967-09-11 00:00,72.0
1967-09-12 00:00,0.0
1967-09-13 00:00,50.0
1967-09-14 00:00,0.0
1967-09-15 00:00,10.0
1967-09-16 00:00,0.0
1967-09-17 00:00,0.0
1967-09-18 00:00,0.0
1967-09-19 00:00,0.0
1967-09-20 00:00,0.0
1967-09-21 00:00,0.0
1967-09-22 00:00,0.0
1967-09-23 00:00,10.0
1967-09-24 00:00,0.0
1967-09-25 00:00,55.0
1967-09-26 00:00,0.0
1967-09-27 00:00,40.0
1967-09-28 00:00,10.0
1967-09-29 00:00,50.0
1967-09-30 00:00,20.0
1967-10-01 00:00,10.0
1967-10-02 00:00,20.0
1967-10-03 00:00,0.0
1967-10-04 00:00,0.0
1967-10-05 00:00,0.0
1967-10-06 00:00,0.0
1967-10-07 00:00,0.0
1967-10-08 00:00,25.0
1967-10-09 00:00,30.0
1967-10-10 00:00,42.0
1967-10-11 00:00,0.0
1967-10-12 00:00,43.0
1967-10-13 00:00,0.0
1967-10-14 00:00,0.0
1967-10-15 00:00,0.0
1967-10-16 00:00,10.0
1967-10-17 00:00,0.0
1967-10-18 00:00,35.0
1967-10-19 00:00,95.0
1967-10-20 00:00,30.0
1967-10-21 00:00,9.0
1967-10-22 00:00,0.0
1967-10-23 00:00,0.0
1967-10-24 00:00,85.0
1967-10-25 00:00,0.0
1967-10-26 00:00,10.0
1967-10-27 00:00,50.0
1967-10-28 00:00,100.0
1967-10-29 00:00,40.0
1967-10-30 00:00,45.0
1967-10-31 00:00,25.0
1967-11-01 00:00,10.0
1967-11-02 00:00,12.0
1967-11-03 00:00,30.0
1967-11-04 00:00,10.0
1967-11-05 00:00,40.0
1967-11-06 00:00,0.0
1967-11-07 00:00,30.0
1967-11-08 00:00,20.0
1967-11-09 00:00,30.0
1967-11-10 00:00,10.0
1967-11-11 00:00,0.0
1967-11-12 00:00,40.0
1967-11-13 00:00,60.0
1967-11-14 00:00,0.0
1967-11-15 00:00,110.0
1967-11-16 00:00,20.0
1967-11-17 00:00,26.0
1967-11-18 00:00,50.0
1967-11-19 00:00,100.0
1967-11-20 00:00,56.0
1967-11-21 00:00,45.0
1967-11-22 00:00,56.0
1967-11-23 00:00,10.0
1967-11-24 00:00,5.0
1967-11-25 00:00,0.0
1967-11-26 00:00,30.0
1967-11-27 00:00,45.0
1967-11-28 00:00,42.0
1967-11-29 00:00,0.0
1967-11-30 00:00,0.0
1967-12-01 00:00,10.0
1967-12-02 00:00,0.0
1967-12-03 00:00,0.0
1967-12-04 00:00,0.0
1967-12-05 00:00,0.0
1967-12-06 00:00,0.0
1967-12-07 00:00,20.0
1967-12-08 00:00,50.0
1967-12-09 00:00,0.0
1967-12-10 00:00,0.0
1967-12-11 00:00,30.0
1967-12-12 00:00,0.0
1967-12-13 00:00,0.0
1967-12-14 00:00,22.0
1967-12-15 00:00,30.0
1967-12-16 00:00,50.0
1967-12-17 00:00,70.0
1967-12-18 00:00,10.0
1967-12-19 00:00,0.0
1967-12-20 00:00,40.0
1967-12-21 00:00,0.0
1967-12-22 00:00,50.0
1967-12-23 00:00,40.0
1967-12-24 00:00,10.0
1967-12-25 00:00,60.0
1967-12-26 00:00,50.0
1967-12-27 00:00,40.0
1967-12-28 00:00,20.0
1967-12-29 00:00,0.0
1967-12-30 00:00,0.0
1967-12-31 00:00,0.0
1968-01-01 00:00,0.0
1968-01-02 00:00,0.0
1968-01-03 00:00,0.0
1968-01-04 00:00,0.0
1968-01-05 00:00,0.0
1968-01-06 00:00,0.0
1968-01-07 00:00,0.0
1968-01-08 00:00,0.0
1968-01-09 00:00,0.0
1968-01-10 00:00,0.0
1968-01-11 00:00,0.0
1968-01-12 00:00,50.0
1968-01-13 00:00,40.0
1968-01-14 00:00,0.0
1968-01-15 00:00,0.0
1968-01-16 00:00,20.0
1968-01-17 00:00,0.0
1968-01-18 00:00,80.0
1968-01-19 00:00,75.0
1968-01-20 00:00,60.0
1968-01-21 00:00,25.0
1968-01-22 00:00,40.0
1968-01-23 00:00,20.0
1968-01-24 00:00,30.0
1968-01-25 00:00,10.0
1968-01-26 00:00,0.0
1968-01-27 00:00,0.0
1968-01-28 00:00,15.0
1968-01-29 00:00,0.0
1968-01-30 00:00,40.0
1968-01-31 00:00,0.0
1968-02-01 00:00,20.0
1968-02-02 00:00,25.0
1968-02-03 00:00,0.0
1968-02-04 00:00,10.0
1968-02-05 00:00,0.0
1968-02-06 00:00,0.0
1968-02-07 00:00,0.0
1968-02-08 00:00,0.0
1968-02-09 00:00,0.0
1968-02-10 00:00,0.0
1968-02-11 00:00,52.0
1968-02-12 00:00,36.0
1968-02-13 00:00,70.0
1968-02-14 00:00,0.0
1968-02-15 00:00,0.0
1968-02-16 00:00,0.0
1968-02-17 00:00,0.0
1968-02-18 00:00,30.0
1968-02-19 00:00,20.0
1968-02-20 00:00,50.0
1968-02-21 00:00,15.0
1968-02-22 00:00,20.0
1968-02-23 00:00,0.0
1968-02-24 00:00,0.0
1968-02-25 00:00,0.0
1968-02-26 00:00,0.0
1968-02-27 00:00,0.0
1968-02-28 00:00,0.0
1968-02-29 00:00,30.0
1973-01-01 00:00,30.0
1973-01-02 00:00,0.0
1973-01-03 00:00,0.0
1973-01-04 00:00,0.0
1973-01-05 00:00,0.0
1973-01-06 00:00,0.0
1973-01-07 00:00,0.0
1973-01-08 00:00,0.0
1973-01-09 00:00,0.0
1973-01-10 00:00,0.0
1973-01-11 00:00,40.0
1973-01-12 00:00,0.0
1973-01-13 00:00,60.0
1973-01-14 00:00,0.0
1973-01-15 00:00,0.0
1973-01-16 00:00,35.0
1973-01-17 00:00,40.0
1973-01-18 00:00,52.0
1973-01-19 00:00,0.0
1973-01-20 00:00,22.0
1973-01-21 00:00,0.0
1973-01-22 00:00,60.0
1973-01-23 00:00,0.0
1973-01-24 00:00,40.0
1973-01-25 00:00,55.0
1973-01-26 00:00,70.0
1973-01-27 00:00,90.0
1973-01-28 00:00,65.0
1973-01-29 00:00,50.0
1973-01-30 00:00,10.0
1973-01-31 00:00,0.0
1973-02-01 00:00,0.0
1973-02-02 00:00,0.0
1973-02-03 00:00,0.0
1973-02-04 00:00,0.0
1973-02-05 00:00,10.0
1973-02-06 00:00,0.0
1973-02-07 00:00,0.0
1973-02-08 00:00,0.0
1973-02-09 00:00,30.0
1973-02-10 00:00,0.0
1973-02-11 00:00,0.0
1973-02-12 00:00,0.0
1973-02-13 00:00,30.0
1973-02-14 00:00,0.0
1973-02-15 00:00,0.0
1973-02-16 00:00,0.0
1973-02-17 00:00,20.0
1973-02-18 00:00,0.0
1973-02-19 00:00,0.0
1973-02-20 00:00,0.0
1973-02-21 00:00,0.0
1973-02-22 00:00,0.0
1973-02-23 00:00,0.0
1973-02-24 00:00,0.0
1973-02-25 00:00,0.0
1973-02-26 00:00,0.0
1973-02-27 00:00,0.0
1973-02-28 00:00,0.0
1973-03-01 00:00,25.0
1973-03-02 00:00,100.0
1973-03-03 00:00,0.0
1973-03-04 00:00,0.0
1973-03-05 00:00,40.0
1973-03-06 00:00,70.0
1973-03-07 00:00,65.0
1973-03-08 00:00,20.0
1973-03-09 00:00,45.0
1973-03-10 00:00,60.0
1973-03-11 00:00,75.0
1973-03-12 00:00,40.0
1973-03-13 00:00,65.0
1973-03-14 00:00,0.0
1973-03-15 00:00,0.0
1973-03-16 00:00,0.0
1973-03-17 00:00,0.0
1973-03-18 00:00,0.0
1973-03-19 00:00,0.0
1973-03-20 00:00,0.0
1973-03-21 00:00,50.0
1973-03-22 00:00,30.0
1973-03-23 00:00,100.0
1973-03-24 00:00,40.0
1973-03-25 00:00,60.0
1973-03-26 00:00,35.0
1973-03-27 00:00,50.0
1973-03-28 00:00,70.0
1973-03-29 00:00,65.0
1973-03-30 00:00,25.0
1973-03-31 00:00,0.0
1973-04-01 00:00,40.0
1973-04-02 00:00,0.0
1973-04-03 00:00,65.0
1973-04-04 00:00,22.0
1973-04-05 00:00,0.0
1973-04-06 00:00,0.0
1973-04-07 00:00,85.0
1973-04-08 00:00,70.0
1973-04-09 00:00,40.0
1973-04-10 00:00,0.0
1973-04-11 00:00,0.0
1973-04-12 00:00,50.0
1973-04-13 00:00,35.0
1973-04-14 00:00,70.0
1973-04-15 00:00,0.0
1973-04-16 00:00,80.0
1973-04-17 00:00,50.0
1973-04-18 00:00,0.0
1973-04-19 00:00,100.0
1973-04-20 00:00,45.0
1973-04-21 00:00,60.0
1973-04-22 00:00,150.0
1973-04-23 00:00,0.0
1973-04-24 00:00,0.0
1973-04-25 00:00,0.0
1973-04-26 00:00,0.0
1973-04-27 00:00,0.0
1973-04-28 00:00,0.0
1973-04-29 00:00,0.0
1973-04-30 00:00,35.0
1973-05-01 00:00,0.0
1973-05-02 00:00,0.0
1973-05-03 00:00,40.0
1973-05-04 00:00,0.0
1973-05-05 00:00,60.0
1973-05-06 00:00,0.0
1973-05-07 00:00,0.0
1973-05-08 00:00,0.0
1973-05-09 00:00,0.0
1973-05-10 00:00,25.0
1973-05-11 00:00,0.0
1973-05-12 00:00,0.0
1973-05-13 00:00,0.0
1973-05-14 00:00,0.0
1973-05-15 00:00,20.0
1973-05-16 00:00,0.0
1973-05-17 00:00,40.0
1973-05-18 00:00,50.0
1973-05-19 00:00,20.0
1973-05-20 00:00,10.0
1973-05-21 00:00,0.0
1973-05-22 00:00,0.0
1973-05-23 00:00,0.0
1973-05-24 00:00,25.0
1973-05-25 00:00,0.0
1973-05-26 00:00,0.0
1973-05-27 00:00,0.0
1973-05-28 00:00,0.0
1973-05-29 00:00,0.0
1973-05-30 00:00,10.0
1973-05-31 00:00,45.0
1973-06-01 00:00,60.0
1973-06-02 00:00,80.0
1973-06-03 00:00,0.0
1973-06-04 00:00,20.0
1973-06-05 00:00,70.0
1973-06-06 00:00,0.0
1973-06-07 00:00,30.0
1973-06-08 00:00,0.0
1973-06-09 00:00,50.0
1973-06-10 00:00,0.0
1973-06-11 00:00,20.0
1973-06-12 00:00,25.0
1973-06-13 00:00,0.0
1973-06-14 00:00,15.0
1973-06-15 00:00,26.0
1973-06-16 00:00,0.0
1973-06-17 00:00,50.0
1973-06-18 00:00,35.0
1973-06-19 00:00,20.0
1973-06-20 00:00,40.0
1973-06-21 00:00,70.0
1973-06-22 00:00,40.0
1973-06-23 00:00,65.0
1973-06-24 00:00,80.0
1973-06-25 00:00,20.0
1973-06-26 00:00,45.0
1973-06-27 00:00,72.0
1973-06-28 00:00,35.0
1973-06-29 00:00,87.0
1973-06-30 00:00,0.0
1973-07-01 00:00,0.0
1973-07-02 00:00,0.0
1973-07-03 00:00,0.0
1973-07-04 00:00,40.0
1973-07-05 00:00,60.0
1973-07-06 00:00,0.0
1973-07-07 00:00,0.0
1973-07-08 00:00,0.0
1973-07-09 00:00,0.0
1973-07-10 00:00,0.0
1973-07-11 00:00,0.0
1973-07-12 00:00,0.0
1973-07-13 00:00,0.0
1973-07-14 00:00,0.0
1973-07-15 00:00,70.0
1973-07-16 00:00,20.0
1973-07-17 00:00,35.0
1973-07-18 00:00,10.0
1973-07-19 00:00,20.0
1973-07-20 00:00,25.0
1973-07-21 00:00,0.0
1973-07-22 00:00,30.0
1973-07-23 00:00,45.0
1973-07-24 00:00,60.0
1973-07-25 00:00,10.0
1973-07-26 00:00,35.0
1973-07-27 00:00,20.0
1973-07-28 00:00,0.0
1973-07-29 00:00,0.0
1973-07-30 00:00,40.0
1973-07-31 00:00,26.0
1973-08-01 00:00,70.0
1973-08-02 00:00,10.0
1973-08-03 00:00,30.0
1973-08-04 00:00,0.0
1973-08-05 00:00,22.0
1973-08-06 00:00,0.0
1973-08-07 00:00,10.0
1973-08-08 00:00,20.0
1973-08-09 00:00,35.0
1973-08-10 00:00,0.0
1973-08-11 00:00,36.0
1973-08-12 00:00,70.0
1973-08-13 00:00,90.0
1973-08-14 00:00,50.0
1973-08-15 00:00,75.0
1973-08-16 00:00,0.0
1973-08-17 00:00,70.0
1973-08-18 00:00,55.0
1973-08-19 00:00,0.0
1973-08-20 00:00,35.0
1973-08-21 00:00,24.0
1973-08-22 00:00,20.0
1973-08-23 00:00,40.0
1973-08-24 00:00,65.0
1973-08-25 00:00,56.0
1973-08-26 00:00,30.0
1973-08-27 00:00,50.0
1973-08-28 00:00,70.0
1973-08-29 00:00,35.0
1973-08-30 00:00,62.0
1973-08-31 00:00,45.0
1973-09-01 00:00,15.0
1973-09-02 00:00,0.0
1973-09-03 00:00,20.0
1973-09-04 00:00,0.0
1973-09-05 00:00,80.0
1973-09-06 00:00,22.0
1973-09-07 00:00,0.0
1973-09-08 00:00,35.0
1973-09-09 00:00,0.0
1973-09-10 00:00,60.0
1973-09-11 00:00,40.0
1973-09-12 00:00,25.0
1973-09-13 00:00,0.0
1973-09-14 00:00,30.0
1973-09-15 00:00,0.0
1973-09-16 00:00,100.0
1973-09-17 00:00,40.0
1973-09-18 00:00,60.0
1973-09-19 00:00,85.0
1973-09-20 00:00,0.0
1973-09-21 00:00,0.0
1973-09-22 00:00,30.0
1973-09-23 00:00,10.0
1973-09-24 00:00,45.0
1973-09-25 00:00,60.0
1973-09-26 00:00,0.0
1973-09-27 00:00,25.0
1973-09-28 00:00,0.0
1973-09-29 00:00,10.0
1973-09-30 00:00,25.0
1973-10-01 00:00,25.0
1973-10-02 00:00,10.0
1973-10-03 00:00,35.0
1973-10-04 00:00,60.0
1973-10-05 00:00,0.0
1973-10-06 00:00,0.0
1973-10-07 00:00,20.0
1973-10-08 00:00,45.0
1973-10-09 00:00,0.0
1973-10-10 00:00,80.0
1973-10-11 00:00,0.0
1973-10-12 00:00,65.0
1973-10-13 00:00,20.0
1973-10-14 00:00,40.0
1973-10-15 00:00,25.0
1973-10-16 00:00,55.0
1973-10-17 00:00,70.0
1973-10-18 00:00,20.0
1973-10-19 00:00,30.0
1973-10-20 00:00,50.0
1973-10-21 00:00,70.0
1973-10-22 00:00,60.0
1973-10-23 00:00,80.0
1973-10-24 00:00,50.0
1973-10-25 00:00,40.0
1973-10-26 00:00,20.0
1973-10-27 00:00,0.0
1973-10-28 00:00,70.0
1973-10-29 00:00,10.0
1973-10-30 00:00,30.0
1973-10-31 00:00,61.0
1973-11-01 00:00,30.0
1973-11-02 00:00,45.0
1973-11-03 00:00,62.0
1973-11-04 00:00,22.0
1973-11-05 00:00,30.0
1973-11-06 00:00,25.0
1973-11-07 00:00,0.0
1973-11-08 00:00,20.0
1973-11-09 00:00,50.0
1973-11-10 00:00,100.0
1973-11-11 00:00,86.0
1973-11-12 00:00,63.0
1973-11-13 00:00,50.0
1973-11-14 00:00,65.0
1973-11-15 00:00,20.0
1973-11-16 00:00,0.0
1973-11-17 00:00,40.0
1973-11-18 00:00,65.0
1973-11-19 00:00,10.0
1973-11-20 00:00,65.0
1973-11-21 00:00,50.0
1973-11-22 00:00,70.0
1973-11-23 00:00,0.0
1973-11-24 00:00,80.0
1973-11-25 00:00,35.0
1973-11-26 00:00,48.0
1973-11-27 00:00,10.0
1973-11-28 00:00,25.0
1973-11-29 00:00,0.0
1973-11-30 00:00,30.0
1973-12-01 00:00,80.0
1973-12-02 00:00,50.0
1973-12-03 00:00,10.0
1973-12-04 00:00,20.0
1973-12-05 00:00,15.0
1973-12-06 00:00,28.0
1973-12-07 00:00,20.0
1973-12-08 00:00,35.0
1973-12-09 00:00,28.0
1973-12-10 00:00,35.0
1973-12-11 00:00,42.0
1973-12-12 00:00,60.0
1973-12-13 00:00,78.0
1973-12-14 00:00,45.0
1973-12-15 00:00,50.0
1973-12-16 00:00,36.0
1973-12-17 00:00,30.0
1973-12-18 00:00,10.0
1973-12-19 00:00,35.0
1973-12-20 00:00,58.0
1973-12-21 00:00,10.0
1973-12-22 00:00,46.0
1973-12-23 00:00,25.0
1973-12-24 00:00,0.0
1973-12-25 00:00,34.0
1973-12-26 00:00,0.0
1973-12-27 00:00,50.0
1973-12-28 00:00,0.0
1973-12-29 00:00,32.0
1973-12-30 00:00,49.0
1973-12-31 00:00,100.0
1974-01-01 00:00,30.0
1974-01-02 00:00,40.0
1974-01-03 00:00,25.0
1974-01-04 00:00,32.0
1974-01-05 00:00,48.0
1974-01-06 00:00,32.0
1974-01-07 00:00,50.0
1974-01-08 00:00,0.0
1974-01-09 00:00,26.0
1974-01-10 00:00,45.0
1974-01-11 00:00,32.0
1974-01-12 00:00,116.0
1974-01-13 00:00,60.0
1974-01-14 00:00,50.0
1974-01-15 00:00,65.0
1974-01-16 00:00,20.0
1974-01-17 00:00,45.0
1974-01-18 00:00,10.0
1974-01-19 00:00,60.0
1974-01-20 00:00,48.0
1974-01-21 00:00,0.0
1974-01-22 00:00,0.0
1974-01-23 00:00,0.0
1974-01-24 00:00,0.0
1974-01-25 00:00,20.0
1974-01-26 00:00,35.0
1974-01-27 00:00,0.0
1974-01-28 00:00,48.0
1974-01-29 00:00,62.0
1974-01-30 00:00,30.0
1974-01-31 00:00,0.0
1974-02-01 00:00,0.0
1974-02-02 00:00,10.0
1974-02-03 00:00,0.0
1974-02-04 00:00,37.0
1974-02-05 00:00,20.0
1974-02-06 00:00,12.0
1974-02-07 00:00,0.0
1974-02-08 00:00,25.0
1974-02-09 00:00,0.0
1974-02-10 00:00,50.0
1974-02-11 00:00,10.0
1974-02-12 00:00,20.0
1974-02-13 00:00,20.0
1974-02-14 00:00,0.0
1974-02-15 00:00,30.0
1974-02-16 00:00,0.0
1974-02-17 00:00,20.0
1974-02-18 00:00,0.0
1974-02-19 00:00,20.0
1974-02-20 00:00,10.0
1974-02-21 00:00,0.0
1974-02-22 00:00,0.0
1974-02-23 00:00,0.0
1974-02-24 00:00,12.0
1974-02-25 00:00,0.0
1974-02-26 00:00,30.0
1974-02-27 00:00,0.0
1974-02-28 00:00,20.0
1974-03-01 00:00,0.0
1974-03-02 00:00,0.0
1974-03-03 00:00,0.0
1974-03-04 00:00,20.0
1974-03-05 00:00,110.0
1974-03-06 00:00,20.0
1974-03-07 00:00,35.0
1974-03-08 00:00,20.0
1974-03-09 00:00,60.0
1974-03-10 00:00,45.0
1974-03-11 00:00,40.0
1974-03-12 00:00,0.0
1974-03-13 00:00,60.0
1974-03-14 00:00,0.0
1974-03-15 00:00,0.0
1974-03-16 00:00,20.0
1974-03-17 00:00,0.0
1974-03-18 00:00,0.0
1974-03-19 00:00,30.0
1974-03-20 00:00,0.0
1974-03-21 00:00,0.0
1974-03-22 00:00,0.0
1974-03-23 00:00,0.0
1974-03-24 00:00,20.0
1974-03-25 00:00,30.0
1974-03-26 00:00,0.0
1974-03-27 00:00,0.0
1974-03-28 00:00,0.0
1974-03-29 00:00,40.0
1974-03-30 00:00,35.0
1974-03-31 00:00,10.0
1974-04-01 00:00,20.0
1974-04-02 00:00,40.0
1974-04-03 00:00,30.0
1974-04-04 00:00,0.0
1974-04-05 00:00,50.0
1974-04-06 00:00,20.0
1974-04-07 00:00,35.0
1974-04-08 00:00,80.0
1974-04-09 00:00,60.0
1974-04-10 00:00,20.0
1974-04-11 00:00,20.0
1974-04-12 00:00,25.0
1974-04-13 00:00,40.0
1974-04-14 00:00,0.0
1974-04-15 00:00,10.0
1974-04-16 00:00,0.0
1974-04-17 00:00,10.0
1974-04-18 00:00,30.0
1974-04-19 00:00,20.0
1974-04-20 00:00,0.0
1974-04-21 00:00,0.0
1974-04-22 00:00,0.0
1974-04-23 00:00,0.0
1974-04-24 00:00,0.0
1974-04-25 00:00,30.0
1974-04-26 00:00,20.0
1974-04-27 00:00,20.0
1974-04-28 00:00,25.0
1974-04-29 00:00,40.0
1974-04-30 00:00,50.0
1974-05-01 00:00,60.0
1974-05-02 00:00,30.0
1974-05-03 00:00,50.0
1974-05-04 00:00,20.0
1974-05-05 00:00,30.0
1974-05-06 00:00,25.0
1974-05-07 00:00,60.0
1974-05-08 00:00,50.0
1974-05-09 00:00,40.0
1974-05-10 00:00,20.0
1974-05-11 00:00,10.0
1974-05-12 00:00,50.0
1974-05-13 00:00,35.0
1974-05-14 00:00,0.0
1974-05-15 00:00,10.0
1974-05-16 00:00,0.0
1974-05-17 00:00,60.0
1974-05-18 00:00,0.0
1974-05-19 00:00,0.0
1974-05-20 00:00,0.0
1974-05-21 00:00,0.0
1974-05-22 00:00,65.0
1974-05-23 00:00,0.0
1974-05-24 00:00,0.0
1974-05-25 00:00,40.0
1974-05-26 00:00,0.0
1974-05-27 00:00,0.0
1974-05-28 00:00,60.0
1974-05-29 00:00,40.0
1974-05-30 00:00,60.0
1974-05-31 00:00,100.0
1974-06-01 00:00,0.0
1974-06-02 00:00,25.0
1974-06-03 00:00,0.0
1974-06-04 00:00,10.0
1974-06-05 00:00,0.0
1974-06-06 00:00,0.0
1974-06-07 00:00,0.0
1974-06-08 00:00,40.0
1974-06-09 00:00,0.0
1974-06-10 00:00,30.0
1974-06-11 00:00,0.0
1974-06-12 00:00,0.0
1974-06-13 00:00,0.0
1974-06-14 00:00,0.0
1974-06-15 00:00,0.0
1974-06-16 00:00,0.0
1974-06-17 00:00,0.0
1974-06-18 00:00,40.0
1974-06-19 00:00,15.0
1974-06-20 00:00,0.0
1974-06-21 00:00,10.0
1974-06-22 00:00,0.0
1974-06-23 00:00,0.0
1974-06-24 00:00,50.0
1974-06-25 00:00,10.0
1974-06-26 00:00,10.0
1974-06-27 00:00,0.0
1974-06-28 00:00,0.0
1974-06-29 00:00,25.0
1974-06-30 00:00,0.0
1974-07-01 00:00,0.0
1974-07-02 00:00,0.0
1974-07-03 00:00,0.0
1974-07-04 00:00,0.0
1974-07-05 00:00,0.0
1974-07-06 00:00,0.0
1974-07-07 00:00,0.0
1974-07-08 00:00,0.0
1974-07-09 00:00,0.0
1974-07-10 00:00,0.0
1974-07-11 00:00,0.0
1974-07-12 00:00,0.0
1974-07-13 00:00,0.0
1974-07-14 00:00,15.0
1974-07-15 00:00,80.0
1974-07-16 00:00,0.0
1974-07-17 00:00,0.0
1974-07-18 00:00,30.0
1974-07-19 00:00,10.0
1974-07-20 00:00,0.0
1974-07-21 00:00,45.0
1974-07-22 00:00,10.0
1974-07-23 00:00,0.0
1974-07-24 00:00,0.0
1974-07-25 00:00,0.0
1974-07-26 00:00,0.0
1974-07-27 00:00,0.0
1974-07-28 00:00,0.0
1974-07-29 00:00,0.0
1974-07-30 00:00,10.0
1974-07-31 00:00,0.0
1974-08-01 00:00,0.0
1974-08-02 00:00,10.0
1974-08-03 00:00,35.0
1974-08-04 00:00,30.0
1974-08-05 00:00,10.0
1974-08-06 00:00,70.0
1974-08-07 00:00,0.0
1974-08-08 00:00,0.0
1974-08-09 00:00,0.0
1974-08-10 00:00,0.0
1974-08-11 00:00,10.0
1974-08-12 00:00,20.0
1974-08-13 00:00,35.0
1974-08-14 00:00,0.0
1974-08-15 00:00,0.0
1974-08-16 00:00,0.0
1974-08-17 00:00,0.0
1974-08-18 00:00,0.0
1974-08-19 00:00,0.0
1974-08-20 00:00,0.0
1974-08-21 00:00,0.0
1974-08-22 00:00,0.0
1974-08-23 00:00,0.0
1974-08-24 00:00,50.0
1974-08-25 00:00,100.0
1974-08-26 00:00,50.0
1974-08-27 00:00,30.0
1974-08-28 00:00,0.0
1974-08-29 00:00,0.0
1974-08-30 00:00,30.0
1974-08-31 00:00,20.0
1974-09-01 00:00,10.0
1974-09-02 00:00,0.0
1974-09-03 00:00,0.0
1974-09-04 00:00,0.0
1974-09-05 00:00,0.0
1974-09-06 00:00,15.0
1974-09-07 00:00,0.0
1974-09-08 00:00,0.0
1974-09-09 00:00,50.0
1974-09-10 00:00,30.0
1974-09-11 00:00,40.0
1974-09-12 00:00,15.0
1974-09-13 00:00,0.0
1974-09-14 00:00,85.0
1974-09-15 00:00,10.0
1974-09-16 00:00,20.0
1974-09-17 00:00,10.0
1974-09-18 00:00,60.0
1974-09-19 00:00,30.0
1974-09-20 00:00,55.0
1974-09-21 00:00,25.0
1974-09-22 00:00,130.0
1974-09-23 00:00,60.0
1974-09-24 00:00,15.0
1974-09-25 00:00,30.0
1974-09-26 00:00,95.0
1974-09-27 00:00,10.0
1974-09-28 00:00,0.0
1974-09-29 00:00,0.0
1974-09-30 00:00,10.0
1974-10-01 00:00,30.0
1974-10-02 00:00,40.0
1974-10-03 00:00,100.0
1974-10-04 00:00,40.0
1974-10-05 00:00,30.0
1974-10-06 00:00,25.0
1974-10-07 00:00,50.0
1974-10-08 00:00,65.0
1974-10-09 00:00,0.0
1974-10-10 00:00,35.0
1974-10-11 00:00,30.0
1974-10-12 00:00,45.0
1974-10-13 00:00,60.0
1974-10-14 00:00,0.0
1974-10-15 00:00,0.0
1974-10-16 00:00,20.0
1974-10-17 00:00,30.0
1974-10-18 00:00,50.0
1974-10-19 00:00,85.0
1974-10-20 00:00,0.0
1974-10-21 00:00,0.0
1974-10-22 00:00,55.0
1974-10-23 00:00,65.0
1974-10-24 00:00,45.0
1974-10-25 00:00,110.0
1974-10-26 00:00,50.0
1974-10-27 00:00,85.0
1974-10-28 00:00,25.0
1974-10-29 00:00,65.0
1974-10-30 00:00,30.0
1974-10-31 00:00,40.0
1974-11-01 00:00,70.0
1974-11-02 00:00,30.0
1974-11-03 00:00,60.0
1974-11-04 00:00,110.0
1974-11-05 00:00,30.0
1974-11-06 00:00,45.0
1974-11-07 00:00,15.0
1974-11-08 00:00,20.0
1974-11-09 00:00,30.0
1974-11-10 00:00,50.0
1974-11-11 00:00,130.0
1974-11-12 00:00,50.0
1974-11-13 00:00,30.0
1974-11-14 00:00,65.0
1974-11-15 00:00,20.0
1974-11-16 00:00,30.0
1974-11-17 00:00,40.0
1974-11-18 00:00,40.0
1974-11-19 00:00,15.0
1974-11-20 00:00,65.0
1974-11-21 00:00,90.0
1974-11-22 00:00,45.0
1974-11-23 00:00,30.0
1974-11-24 00:00,20.0
1974-11-25 00:00,100.0
1974-11-26 00:00,30.0
1974-11-27 00:00,45.0
1974-11-28 00:00,75.0
1974-11-29 00:00,20.0
1974-11-30 00:00,2.0
1974-12-01 00:00,50.0
1974-12-02 00:00,70.0
1974-12-03 00:00,85.0
1974-12-04 00:00,40.0
1974-12-05 00:00,20.0
1974-12-06 00:00,20.0
1974-12-07 00:00,40.0
1974-12-08 00:00,40.0
1974-12-09 00:00,30.0
1974-12-10 00:00,0.0
1974-12-11 00:00,20.0
1974-12-12 00:00,40.0
1974-12-13 00:00,18.0
1974-12-14 00:00,25.0
1974-12-15 00:00,50.0
1974-12-16 00:00,60.0
1974-12-17 00:00,0.0
1974-12-18 00:00,0.0
1974-12-19 00:00,0.0
1974-12-20 00:00,0.0
1974-12-21 00:00,0.0
1974-12-22 00:00,75.0
1974-12-23 00:00,0.0
1974-12-24 00:00,0.0
1974-12-25 00:00,100.0
1974-12-26 00:00,0.0
1974-12-27 00:00,0.0
1974-12-28 00:00,0.0
1974-12-29 00:00,105.0
1974-12-30 00:00,0.0
1974-12-31 00:00,0.0
1975-01-01 00:00,115.0
1975-01-02 00:00,0.0
1975-01-03 00:00,0.0
1975-01-04 00:00,0.0
1975-01-05 00:00,80.0
1975-01-06 00:00,0.0
1975-01-07 00:00,35.0
1975-01-08 00:00,65.0
1975-01-09 00:00,45.0
1975-01-10 00:00,30.0
1975-01-11 00:00,60.0
1975-01-12 00:00,20.0
1975-01-13 00:00,15.0
1975-01-14 00:00,30.0
1975-01-15 00:00,10.0
1975-01-16 00:00,20.0
1975-01-17 00:00,30.0
1975-01-18 00:00,0.0
1975-01-19 00:00,20.0
1975-01-20 00:00,40.0
1975-01-21 00:00,60.0
1975-01-22 00:00,35.0
1975-01-23 00:00,40.0
1975-01-24 00:00,0.0
1975-01-25 00:00,0.0
1975-01-26 00:00,0.0
1975-01-27 00:00,0.0
1975-01-28 00:00,0.0
1975-01-29 00:00,0.0
1975-01-30 00:00,40.0
1975-01-31 00:00,10.0
1975-02-01 00:00,20.0
1975-02-02 00:00,30.0
1975-02-03 00:00,25.0
1975-02-04 00:00,40.0
1975-02-05 00:00,30.0
1975-02-06 00:00,60.0
1975-02-07 00:00,70.0
1975-02-08 00:00,10.0
1975-02-09 00:00,25.0
1975-02-10 00:00,0.0
1975-02-11 00:00,0.0
1975-02-12 00:00,0.0
1975-02-13 00:00,0.0
1975-02-14 00:00,40.0
1975-02-15 00:00,3.0
1975-02-16 00:00,20.0
1975-02-17 00:00,70.0
1975-02-18 00:00,20.0
1975-02-19 00:00,30.0
1975-02-20 00:00,15.0
1975-02-21 00:00,50.0
1975-02-22 00:00,10.0
1975-02-23 00:00,10.0
1975-02-24 00:00,40.0
1975-02-25 00:00,0.0
1975-02-26 00:00,80.0
1975-02-27 00:00,30.0
1975-02-28 00:00,40.0
1975-03-01 00:00,40.0
1975-03-02 00:00,30.0
1975-03-03 00:00,0.0
1975-03-04 00:00,40.0
1975-03-05 00:00,0.0
1975-03-06 00:00,0.0
1975-03-07 00:00,80.0
1975-03-08 00:00,10.0
1975-03-09 00:00,5.0
1975-03-10 00:00,4.0
1975-03-11 00:00,3.0
1975-03-12 00:00,5.0
1975-03-13 00:00,3.0
1975-03-14 00:00,5.0
1975-05-01 00:00,0.0
1975-05-02 00:00,0.0
1975-05-03 00:00,0.0
1975-05-04 00:00,0.0
1975-05-05 00:00,0.0
1975-05-06 00:00,0.0
1975-05-07 00:00,0.0
1975-05-08 00:00,0.0
1975-05-09 00:00,0.0
1975-05-10 00:00,0.0
1975-05-11 00:00,0.0
1975-05-12 00:00,0.0
1975-05-13 00:00,0.0
1975-05-14 00:00,0.0
1975-05-15 00:00,40.0
1975-05-16 00:00,0.0
1975-05-17 00:00,10.0
1975-05-18 00:00,25.0
1975-05-19 00:00,45.0
1975-05-20 00:00,90.0
1975-05-21 00:00,0.0
1975-05-22 00:00,0.0
1975-05-23 00:00,0.0
1975-05-24 00:00,23.0
1975-05-25 00:00,50.0
1975-05-26 00:00,0.0
1975-05-27 00:00,5.0
1975-05-28 00:00,3.0
1975-05-29 00:00,0.0
1975-05-30 00:00,30.0
1975-05-31 00:00,15.0
1975-06-01 00:00,80.0
1975-06-02 00:00,10.0
1975-06-03 00:00,0.0
1975-06-04 00:00,25.0
1975-06-05 00:00,0.0
1975-06-06 00:00,12.0
1975-06-07 00:00,30.0
1975-06-08 00:00,0.0
1975-06-09 00:00,0.0
1975-06-10 00:00,0.0
1975-06-11 00:00,0.0
1975-06-12 00:00,0.0
1975-06-13 00:00,0.0
1975-06-14 00:00,13.0
1975-06-15 00:00,0.0
1975-06-16 00:00,0.0
1975-06-17 00:00,0.0
1975-06-18 00:00,0.0
1975-06-19 00:00,0.0
1975-06-20 00:00,0.0
1975-06-21 00:00,0.0
1975-06-22 00:00,20.0
1975-06-23 00:00,0.0
1975-06-24 00:00,15.0
1975-06-25 00:00,0.0
1975-06-26 00:00,5.0
1975-06-27 00:00,20.0
1975-06-28 00:00,25.0
1975-06-29 00:00,15.0
1975-06-30 00:00,20.0
1975-07-01 00:00,40.0
1975-07-02 00:00,64.0
1975-07-03 00:00,34.0
1975-07-04 00:00,26.0
1975-07-05 00:00,40.0
1975-07-06 00:00,10.0
1975-07-07 00:00,35.0
1975-07-08 00:00,20.0
1975-07-09 00:00,30.0
1975-07-10 00:00,0.0
1975-07-11 00:00,20.0
1975-07-12 00:00,50.0
1975-07-13 00:00,30.0
1975-07-14 00:00,90.0
1975-07-15 00:00,40.0
1975-07-16 00:00,0.0
1975-07-17 00:00,0.0
1975-07-18 00:00,20.0
1975-07-19 00:00,0.0
1975-07-20 00:00,0.0
1975-07-21 00:00,15.0
1975-07-22 00:00,0.0
1975-07-23 00:00,0.0
1975-07-24 00:00,10.0
1975-07-25 00:00,0.0
1975-07-26 00:00,0.0
1975-07-27 00:00,23.0
1975-07-28 00:00,20.0
1975-07-29 00:00,0.0
1975-07-30 00:00,50.0
1975-07-31 00:00,24.0
1975-08-01 00:00,0.0
1975-08-02 00:00,0.0
1975-08-03 00:00,5.0
1975-08-04 00:00,30.0
1975-08-05 00:00,0.0
1975-08-06 00:00,0.0
1975-08-07 00:00,0.0
1975-08-08 00:00,10.0
1975-08-09 00:00,0.0
1975-08-10 00:00,20.0
1975-08-11 00:00,20.0
1975-08-12 00:00,0.0
1975-08-13 00:00,10.0
1975-08-14 00:00,40.0
1975-08-15 00:00,50.0
1975-08-16 00:00,0.0
1975-08-17 00:00,10.0
1975-08-18 00:00,20.0
1975-08-19 00:00,15.0
1975-08-20 00:00,30.0
1975-08-21 00:00,40.0
1975-08-22 00:00,0.0
1975-08-23 00:00,0.0
1975-08-24 00:00,10.0
1975-08-25 00:00,25.0
1975-08-26 00:00,35.0
1975-08-27 00:00,25.0
1975-08-28 00:00,6.0
1975-08-29 00:00,40.0
1975-08-30 00:00,30.0
1975-08-31 00:00,0.0
1975-09-01 00:00,10.0
1975-09-02 00:00,40.0
1975-09-03 00:00,0.0
1975-09-04 00:00,22.0
1975-09-05 00:00,50.0
1975-09-06 00:00,55.0
1975-09-07 00:00,20.0
1975-09-08 00:00,60.0
1975-09-09 00:00,30.0
1975-09-10 00:00,55.0
1975-09-11 00:00,0.0
1975-09-12 00:00,50.0
1975-09-13 00:00,0.0
1975-09-14 00:00,15.0
1975-09-15 00:00,50.0
1975-09-16 00:00,0.0
1975-09-17 00:00,0.0
1975-09-18 00:00,10.0
1975-09-19 00:00,10.0
1975-09-20 00:00,40.0
1975-09-21 00:00,50.0
1975-09-22 00:00,20.0
1975-09-23 00:00,50.0
1975-09-24 00:00,0.0
1975-09-25 00:00,15.0
1975-09-26 00:00,25.0
1975-09-27 00:00,60.0
1975-09-28 00:00,20.0
1975-09-29 00:00,30.0
1975-09-30 00:00,0.0
1975-10-01 00:00,80.0
1975-10-02 00:00,50.0
1975-10-03 00:00,85.0
1975-10-04 00:00,50.0
1975-10-05 00:00,0.0
1975-10-06 00:00,30.0
1975-10-07 00:00,20.0
1975-10-08 00:00,40.0
1975-10-09 00:00,0.0
1975-10-10 00:00,60.0
1975-10-11 00:00,50.0
1975-10-12 00:00,0.0
1975-10-13 00:00,0.0
1975-10-14 00:00,45.0
1975-10-15 00:00,0.0
1975-10-16 00:00,50.0
1975-10-17 00:00,15.0
1975-10-18 00:00,0.0
1975-10-19 00:00,0.0
1975-10-20 00:00,0.0
1975-10-21 00:00,40.0
1975-10-22 00:00,24.0
1975-10-23 00:00,0.0
1975-10-24 00:00,21.0
1975-10-25 00:00,20.0
1975-10-26 00:00,40.0
1975-10-27 00:00,120.0
1975-10-28 00:00,0.0
1975-10-29 00:00,0.0
1975-10-30 00:00,40.0
1975-10-31 00:00,50.0
1975-11-01 00:00,55.0
1975-11-02 00:00,20.0
1975-11-03 00:00,0.0
1975-11-04 00:00,55.0
1975-11-05 00:00,58.0
1975-11-06 00:00,5.0
1975-11-07 00:00,35.0
1975-11-08 00:00,0.0
1975-11-09 00:00,60.0
1975-11-10 00:00,130.0
1975-11-11 00:00,10.0
1975-11-12 00:00,40.0
1975-11-13 00:00,50.0
1975-11-14 00:00,20.0
1975-11-15 00:00,40.0
1975-11-16 00:00,60.0
1975-11-17 00:00,80.0
1975-11-18 00:00,15.0
1975-11-19 00:00,27.0
1975-11-20 00:00,20.0
1975-11-21 00:00,34.0
1975-11-22 00:00,45.0
1975-11-23 00:00,40.0
1975-11-24 00:00,90.0
1975-11-25 00:00,127.0
1975-11-26 00:00,15.0
1975-11-27 00:00,48.0
1975-11-28 00:00,30.0
1975-11-29 00:00,15.0
1975-11-30 00:00,50.0
1975-12-01 00:00,13.0
1975-12-02 00:00,14.0
1975-12-03 00:00,27.0
1975-12-04 00:00,3.0
1975-12-05 00:00,0.0
1975-12-06 00:00,10.0
1975-12-07 00:00,20.0
1975-12-08 00:00,40.0
1975-12-09 00:00,20.0
1975-12-10 00:00,55.0
1975-12-11 00:00,20.0
1975-12-12 00:00,0.0
1975-12-13 00:00,0.0
1975-12-14 00:00,0.0
1975-12-15 00:00,0.0
1975-12-16 00:00,10.0
1975-12-17 00:00,90.0
1975-12-18 00:00,80.0
1975-12-19 00:00,27.0
1975-12-20 00:00,15.0
1975-12-21 00:00,90.0
1975-12-22 00:00,0.0
1975-12-23 00:00,5.0
1975-12-24 00:00,35.0
1975-12-25 00:00,20.0
1975-12-26 00:00,0.0
1975-12-27 00:00,20.0
1975-12-28 00:00,0.0
1975-12-29 00:00,30.0
1975-12-30 00:00,0.0
1975-12-31 00:00,0.0
1976-01-01 00:00,0.0
1976-01-02 00:00,0.0
1976-01-03 00:00,5.0
1976-01-04 00:00,25.0
1976-01-05 00:00,30.0
1976-01-06 00:00,0.0
1976-01-07 00:00,120.0
1976-01-08 00:00,0.0
1976-01-09 00:00,45.0
1976-01-10 00:00,0.0
1976-01-11 00:00,0.0
1976-01-12 00:00,0.0
1976-01-13 00:00,0.0
1976-01-14 00:00,0.0
1976-01-15 00:00,70.0
1976-01-16 00:00,0.0
1976-01-17 00:00,0.0
1976-01-18 00:00,20.0
1976-01-19 00:00,50.0
1976-01-20 00:00,0.0
1976-01-21 00:00,0.0
1976-01-22 00:00,30.0
1976-01-23 00:00,105.0
1976-01-24 00:00,30.0
1976-01-25 00:00,20.0
1976-01-26 00:00,15.0
1976-01-27 00:00,40.0
1976-01-28 00:00,20.0
1976-01-29 00:00,30.0
1976-01-30 00:00,5.0
1976-01-31 00:00,0.0
1976-02-01 00:00,0.0
1976-02-02 00:00,5.0
1976-02-03 00:00,0.0
1976-02-04 00:00,0.0
1976-02-05 00:00,0.0
1976-02-06 00:00,0.0
1976-02-07 00:00,0.0
1976-02-08 00:00,0.0
1976-02-09 00:00,0.0
1976-02-10 00:00,120.0
1976-02-11 00:00,60.0
1976-02-12 00:00,40.0
1976-02-13 00:00,0.0
1976-02-14 00:00,10.0
1976-02-15 00:00,0.0
1976-02-16 00:00,0.0
1976-02-17 00:00,0.0
1976-02-18 00:00,0.0
1976-02-19 00:00,0.0
1976-02-20 00:00,0.0
1976-02-21 00:00,10.0
1976-02-22 00:00,30.0
1976-02-23 00:00,11.0
1976-02-24 00:00,60.0
1976-02-25 00:00,70.0
1976-02-26 00:00,50.0
1976-02-27 00:00,130.0
1976-02-28 00:00,13.0
1976-02-29 00:00,30.0
1976-03-01 00:00,0.0
1976-03-02 00:00,20.0
1976-03-03 00:00,15.0
1976-03-04 00:00,10.0
1976-03-05 00:00,25.0
1976-03-06 00:00,0.0
1976-03-07 00:00,0.0
1976-03-08 00:00,0.0
1976-03-09 00:00,0.0
1976-03-10 00:00,20.0
1976-03-11 00:00,0.0
1976-03-12 00:00,15.0
1976-03-13 00:00,20.0
1976-03-14 00:00,40.0
1976-03-15 00:00,10.0
1976-03-16 00:00,0.0
1976-03-17 00:00,30.0
1976-03-18 00:00,20.0
1976-03-19 00:00,120.0
1976-03-20 00:00,10.0
1976-03-21 00:00,20.0
1976-03-22 00:00,40.0
1976-03-23 00:00,0.0
1976-03-24 00:00,0.0
1976-03-25 00:00,20.0
1976-03-26 00:00,60.0
1976-03-27 00:00,0.0
1976-03-28 00:00,50.0
1976-03-29 00:00,0.0
1976-03-30 00:00,0.0
1976-03-31 00:00,0.0
1976-04-01 00:00,0.0
1976-04-02 00:00,0.0
1976-04-03 00:00,30.0
1976-04-04 00:00,0.0
1976-04-05 00:00,0.0
1976-04-06 00:00,20.0
1976-04-07 00:00,70.0
1976-04-08 00:00,0.0
1976-04-09 00:00,20.0
1976-04-10 00:00,50.0
1976-04-11 00:00,0.0
1976-04-12 00:00,30.0
1976-04-13 00:00,5.0
1976-04-14 00:00,25.0
1976-04-15 00:00,30.0
1976-04-16 00:00,0.0
1976-04-17 00:00,15.0
1976-04-18 00:00,0.0
1976-04-19 00:00,0.0
1976-04-20 00:00,0.0
1976-04-21 00:00,0.0
1976-04-22 00:00,0.0
1976-04-23 00:00,20.0
1976-04-24 00:00,40.0
1976-04-25 00:00,50.0
1976-04-26 00:00,80.0
1976-04-27 00:00,120.0
1976-04-28 00:00,0.0
1976-04-29 00:00,0.0
1976-04-30 00:00,70.0
1976-05-01 00:00,50.0
1976-05-02 00:00,0.0
1976-05-03 00:00,100.0
1976-05-04 00:00,0.0
1976-05-05 00:00,0.0
1976-05-06 00:00,30.0
1976-05-07 00:00,0.0
1976-05-08 00:00,30.0
1976-05-09 00:00,0.0
1976-05-10 00:00,0.0
1976-05-11 00:00,0.0
1976-05-12 00:00,0.0
1976-05-13 00:00,0.0
1976-05-14 00:00,0.0
1976-05-15 00:00,10.0
1976-05-16 00:00,0.0
1976-05-17 00:00,10.0
1976-05-18 00:00,20.0
1976-05-19 00:00,120.0
1976-05-20 00:00,0.0
1976-05-21 00:00,0.0
1976-05-22 00:00,0.0
1976-05-23 00:00,0.0
1976-05-24 00:00,0.0
1976-05-25 00:00,0.0
1976-05-26 00:00,40.0
1976-05-27 00:00,120.0
1976-05-28 00:00,0.0
1976-05-29 00:00,80.0
1976-05-30 00:00,35.0
1976-05-31 00:00,20.0
1976-06-01 00:00,0.0
1976-06-02 00:00,30.0
1976-06-03 00:00,0.0
1976-06-04 00:00,15.0
1976-06-05 00:00,0.0
1976-06-06 00:00,0.0
1976-06-07 00:00,0.0
1976-06-08 00:00,35.0
1976-06-09 00:00,0.0
1976-06-10 00:00,0.0
1976-06-11 00:00,0.0
1976-06-12 00:00,0.0
1976-06-13 00:00,5.0
1976-06-14 00:00,60.0
1976-06-15 00:00,0.0
1976-06-16 00:00,0.0
1976-06-17 00:00,0.0
1976-06-18 00:00,0.0
1976-06-19 00:00,0.0
1976-06-20 00:00,0.0
1976-06-21 00:00,20.0
1976-06-22 00:00,0.0
1976-06-23 00:00,0.0
1976-06-24 00:00,0.0
1976-06-25 00:00,0.0
1976-06-26 00:00,60.0
1976-06-27 00:00,10.0
1976-06-28 00:00,0.0
1976-06-29 00:00,0.0
1976-06-30 00:00,0.0
1976-07-01 00:00,0.0
1976-07-02 00:00,0.0
1976-07-03 00:00,0.0
1976-07-04 00:00,0.0
1976-07-05 00:00,0.0
1976-07-06 00:00,0.0
1976-07-07 00:00,0.0
1976-07-08 00:00,0.0
1976-07-09 00:00,0.0
1976-07-10 00:00,0.0
1976-07-11 00:00,0.0
1976-07-12 00:00,0.0
1976-07-13 00:00,0.0
1976-07-14 00:00,0.0
1976-07-15 00:00,0.0
1976-07-16 00:00,0.0
1976-07-17 00:00,0.0
1976-07-18 00:00,0.0
1976-07-19 00:00,0.0
1976-07-20 00:00,0.0
1976-07-21 00:00,0.0
1976-07-22 00:00,0.0
1976-07-23 00:00,10.0
1976-07-24 00:00,0.0
1976-07-25 00:00,0.0
1976-07-26 00:00,0.0
1976-07-27 00:00,0.0
1976-07-28 00:00,0.0
1976-07-29 00:00,0.0
1976-07-30 00:00,0.0
1976-07-31 00:00,0.0
1976-08-01 00:00,0.0
1976-08-02 00:00,0.0
1976-08-03 00:00,0.0
1976-08-04 00:00,0.0
1976-08-05 00:00,0.0
1976-08-06 00:00,0.0
1976-08-07 00:00,0.0
1976-08-08 00:00,5.0
1976-08-09 00:00,0.0
1976-08-10 00:00,0.0
1976-08-11 00:00,0.0
1976-08-12 00:00,0.0
1976-08-13 00:00,5.0
1976-08-14 00:00,0.0
1976-08-15 00:00,0.0
1976-08-16 00:00,0.0
1976-08-17 00:00,20.0
1976-08-18 00:00,40.0
1976-08-19 00:00,25.0
1976-08-20 00:00,10.0
1976-08-21 00:00,0.0
1976-08-22 00:00,0.0
1976-08-23 00:00,10.0
1976-08-24 00:00,35.0
1976-08-25 00:00,0.0
1976-08-26 00:00,5.0
1976-08-27 00:00,0.0
1976-08-28 00:00,0.0
1976-08-29 00:00,0.0
1976-08-30 00:00,0.0
1976-08-31 00:00,0.0
1976-09-01 00:00,0.0
1976-09-02 00:00,0.0
1976-09-03 00:00,5.0
1976-09-04 00:00,40.0
1976-09-05 00:00,10.0
1976-09-06 00:00,0.0
1976-09-07 00:00,0.0
1976-09-08 00:00,0.0
1976-09-09 00:00,0.0
1976-09-10 00:00,0.0
1976-09-11 00:00,0.0
1976-09-12 00:00,0.0
1976-09-13 00:00,0.0
1976-09-14 00:00,0.0
1976-09-15 00:00,0.0
1976-09-16 00:00,0.0
1976-09-17 00:00,0.0
1976-09-18 00:00,0.0
1976-09-19 00:00,0.0
1976-09-20 00:00,0.0
1976-09-21 00:00,0.0
1976-09-22 00:00,0.0
1976-09-23 00:00,0.0
1976-09-24 00:00,0.0
1976-09-25 00:00,50.0
1976-09-26 00:00,20.0
1976-09-27 00:00,20.0
1976-09-28 00:00,0.0
1976-09-29 00:00,0.0
1976-09-30 00:00,0.0
1976-10-01 00:00,90.0
1976-10-02 00:00,20.0
1976-10-03 00:00,90.0
1976-10-04 00:00,0.0
1976-10-05 00:00,25.0
1976-10-06 00:00,53.0
1976-10-07 00:00,10.0
1976-10-08 00:00,74.0
1976-10-09 00:00,90.0
1976-10-10 00:00,70.0
1976-10-11 00:00,20.0
1976-10-12 00:00,5.0
1976-10-13 00:00,10.0
1976-10-14 00:00,40.0
1976-10-15 00:00,0.0
1976-10-16 00:00,0.0
1976-10-17 00:00,0.0
1976-10-18 00:00,0.0
1976-10-19 00:00,130.0
1976-10-20 00:00,20.0
1976-10-21 00:00,30.0
1976-10-22 00:00,0.0
1976-10-23 00:00,17.0
1976-10-24 00:00,30.0
1976-10-25 00:00,50.0
1976-10-26 00:00,0.0
1976-10-27 00:00,38.0
1976-10-28 00:00,10.0
1976-10-29 00:00,0.0
1976-10-30 00:00,45.0
1976-10-31 00:00,15.0
1976-11-01 00:00,0.0
1976-11-02 00:00,5.0
1976-11-03 00:00,0.0
1976-11-04 00:00,70.0
1976-11-05 00:00,45.0
1976-11-06 00:00,0.0
1976-11-07 00:00,0.0
1976-11-08 00:00,20.0
1976-11-09 00:00,40.0
1976-11-10 00:00,0.0
1976-11-11 00:00,0.0
1976-11-12 00:00,0.0
1976-11-13 00:00,45.0
1976-11-14 00:00,0.0
1976-11-15 00:00,0.0
1976-11-16 00:00,0.0
1976-11-17 00:00,120.0
1976-11-18 00:00,25.0
1976-11-19 00:00,0.0
1976-11-20 00:00,0.0
1976-11-21 00:00,40.0
1976-11-22 00:00,0.0
1976-11-23 00:00,0.0
1976-11-24 00:00,0.0
1976-11-25 00:00,0.0
1976-11-26 00:00,0.0
1976-11-27 00:00,15.0
1976-11-28 00:00,0.0
1976-11-29 00:00,25.0
1976-11-30 00:00,0.0
1976-12-01 00:00,0.0
1976-12-02 00:00,0.0
1976-12-03 00:00,0.0
1976-12-04 00:00,0.0
1976-12-05 00:00,0.0
1976-12-06 00:00,0.0
1976-12-07 00:00,30.0
1976-12-08 00:00,40.0
1976-12-09 00:00,0.0
1976-12-10 00:00,0.0
1976-12-11 00:00,0.0
1976-12-12 00:00,0.0
1976-12-13 00:00,0.0
1976-12-14 00:00,0.0
1976-12-15 00:00,50.0
1976-12-16 00:00,40.0
1976-12-17 00:00,5.0
1976-12-18 00:00,20.0
1976-12-19 00:00,15.0
1976-12-20 00:00,30.0
1976-12-21 00:00,25.0
1976-12-22 00:00,65.0
1976-12-23 00:00,30.0
1976-12-24 00:00,0.0
1976-12-25 00:00,0.0
1976-12-26 00:00,15.0
1976-12-27 00:00,0.0
1976-12-28 00:00,20.0
1976-12-29 00:00,0.0
1976-12-30 00:00,0.0
1976-12-31 00:00,30.0
1977-01-01 00:00,0.0
1977-01-02 00:00,40.0
1977-01-03 00:00,0.0
1977-01-04 00:00,15.0
1977-01-05 00:00,0.0
1977-01-06 00:00,0.0
1977-01-07 00:00,0.0
1977-01-08 00:00,0.0
1977-01-09 00:00,20.0
1977-01-10 00:00,0.0
1977-01-11 00:00,0.0
1977-01-12 00:00,0.0
1977-01-13 00:00,0.0
1977-01-14 00:00,0.0
1977-01-15 00:00,0.0
1977-01-16 00:00,0.0
1977-01-17 00:00,95.0
1977-01-18 00:00,35.0
1977-01-19 00:00,0.0
1977-01-20 00:00,0.0
1977-01-21 00:00,3.0
1977-01-22 00:00,25.0
1977-01-23 00:00,0.0
1977-01-24 00:00,0.0
1977-01-25 00:00,24.0
1977-01-26 00:00,0.0
1977-01-27 00:00,0.0
1977-01-28 00:00,3.0
1977-01-29 00:00,0.0
1977-01-30 00:00,0.0
1977-01-31 00:00,0.0
1977-02-01 00:00,0.0
1977-02-02 00:00,0.0
1977-02-03 00:00,63.0
1977-02-04 00:00,17.0
1977-02-05 00:00,12.0
1977-02-06 00:00,22.0
1977-02-07 00:00,0.0
1977-02-08 00:00,0.0
1977-02-09 00:00,0.0
1977-02-10 00:00,3.0
1977-02-11 00:00,27.0
1977-02-12 00:00,3.0
1977-02-13 00:00,0.0
1977-02-14 00:00,0.0
1977-02-15 00:00,54.0
1977-02-16 00:00,14.0
1977-02-17 00:00,16.0
1977-02-18 00:00,0.0
1977-02-19 00:00,22.0
1977-02-20 00:00,29.0
1977-02-21 00:00,63.0
1977-02-22 00:00,0.0
1977-02-23 00:00,40.0
1977-02-24 00:00,0.0
1977-02-25 00:00,0.0
1977-02-26 00:00,0.0
1977-02-27 00:00,46.0
1977-02-28 00:00,0.0
1977-03-01 00:00,15.0
1977-03-02 00:00,13.0
1977-03-03 00:00,0.0
1977-03-04 00:00,0.0
1977-03-05 00:00,0.0
1977-03-06 00:00,0.0
1977-03-07 00:00,0.0
1977-03-08 00:00,0.0
1977-03-09 00:00,0.0
1977-03-10 00:00,0.0
1977-03-11 00:00,15.0
1977-03-12 00:00,0.0
1977-03-13 00:00,35.0
1977-03-14 00:00,56.0
1977-03-15 00:00,0.0
1977-03-16 00:00,60.0
1977-03-17 00:00,0.0
1977-03-18 00:00,0.0
1977-03-19 00:00,44.0
1977-03-20 00:00,5.0
1977-03-21 00:00,22.0
1977-03-22 00:00,34.0
1977-03-23 00:00,0.0
1977-03-24 00:00,0.0
1977-03-25 00:00,11.0
1977-03-26 00:00,0.0
1977-03-27 00:00,24.0
1977-03-28 00:00,26.0
1977-03-29 00:00,5.0
1977-03-30 00:00,0.0
1977-03-31 00:00,0.0
1977-04-01 00:00,100.0
1977-04-02 00:00,0.0
1977-04-03 00:00,4.0
1977-04-04 00:00,0.0
1977-04-05 00:00,40.0
1977-04-06 00:00,0.0
1977-04-07 00:00,0.0
1977-04-08 00:00,15.0
1977-04-09 00:00,0.0
1977-04-10 00:00,0.0
1977-04-11 00:00,0.0
1977-04-12 00:00,36.0
1977-04-13 00:00,0.0
1977-04-14 00:00,0.0
1977-04-15 00:00,0.0
1977-04-16 00:00,0.0
1977-04-17 00:00,0.0
1977-04-18 00:00,0.0
1977-04-19 00:00,15.0
1977-04-20 00:00,0.0
1977-04-21 00:00,0.0
1977-04-22 00:00,0.0
1977-04-23 00:00,3.0
1977-04-24 00:00,0.0
1977-04-25 00:00,0.0
1977-04-26 00:00,0.0
1977-04-27 00:00,45.0
1977-04-28 00:00,0.0
1977-04-29 00:00,15.0
1977-04-30 00:00,7.0
1977-05-01 00:00,2.0
1977-05-02 00:00,42.0
1977-05-03 00:00,0.0
1977-05-04 00:00,22.0
1977-05-05 00:00,96.0
1977-05-06 00:00,0.0
1977-05-07 00:00,0.0
1977-05-08 00:00,50.0
1977-05-09 00:00,0.0
1977-05-10 00:00,3.0
1977-05-11 00:00,12.0
1977-05-12 00:00,0.0
1977-05-13 00:00,10.0
1977-05-14 00:00,0.0
1977-05-15 00:00,36.0
1977-05-16 00:00,25.0
1977-05-17 00:00,0.0
1977-05-18 00:00,50.0
1977-05-19 00:00,0.0
1977-05-20 00:00,0.0
1977-05-21 00:00,33.0
1977-05-22 00:00,0.0
1977-05-23 00:00,26.0
1977-05-24 00:00,0.0
1977-05-25 00:00,0.0
1977-05-26 00:00,14.0
1977-05-27 00:00,15.0
1977-05-28 00:00,3.0
1977-05-29 00:00,5.0
1977-05-30 00:00,0.0
1977-05-31 00:00,0.0
1977-06-01 00:00,0.0
1977-06-02 00:00,82.0
1977-06-03 00:00,0.0
1977-06-04 00:00,10.0
1977-06-05 00:00,0.0
1977-06-06 00:00,0.0
1977-06-07 00:00,60.0
1977-06-08 00:00,42.0
1977-06-09 00:00,0.0
1977-06-10 00:00,0.0
1977-06-11 00:00,0.0
1977-06-12 00:00,22.0
1977-06-13 00:00,83.0
1977-06-14 00:00,15.0
1977-06-15 00:00,0.0
1977-06-16 00:00,0.0
1977-06-17 00:00,0.0
1977-06-18 00:00,0.0
1977-06-19 00:00,0.0
1977-06-20 00:00,0.0
1977-06-21 00:00,0.0
1977-06-22 00:00,2.0
1977-06-23 00:00,5.0
1977-06-24 00:00,0.0
1977-06-25 00:00,23.0
1977-06-26 00:00,0.0
1977-06-27 00:00,0.0
1977-06-28 00:00,0.0
1977-06-29 00:00,0.0
1977-06-30 00:00,0.0
1977-07-01 00:00,105.0
1977-07-02 00:00,8.0
1977-07-03 00:00,0.0
1977-07-04 00:00,0.0
1977-07-05 00:00,0.0
1977-07-06 00:00,22.0
1977-07-07 00:00,0.0
1977-07-08 00:00,0.0
1977-07-09 00:00,0.0
1977-07-10 00:00,4.0
1977-07-11 00:00,0.0
1977-07-12 00:00,0.0
1977-07-13 00:00,0.0
1977-07-14 00:00,0.0
1977-07-15 00:00,0.0
1977-07-16 00:00,17.0
1977-07-17 00:00,0.0
1977-07-18 00:00,0.0
1977-07-19 00:00,0.0
1977-07-20 00:00,0.0
1977-07-21 00:00,0.0
1977-07-22 00:00,5.0
1977-07-23 00:00,3.0
1977-07-24 00:00,0.0
1977-07-25 00:00,42.0
1977-07-26 00:00,1.0
1977-07-27 00:00,63.0
1977-07-28 00:00,0.0
1977-07-29 00:00,0.0
1977-07-30 00:00,0.0
1977-07-31 00:00,0.0
1977-08-01 00:00,0.0
1977-08-02 00:00,20.0
1977-08-03 00:00,0.0
1977-08-04 00:00,0.0
1977-08-05 00:00,0.0
1977-08-06 00:00,47.0
1977-08-07 00:00,52.0
1977-08-08 00:00,10.0
1977-08-09 00:00,17.0
1977-08-10 00:00,9.0
1977-08-11 00:00,3.0
1977-08-12 00:00,5.0
1977-08-13 00:00,12.0
1977-08-14 00:00,34.0
1977-08-15 00:00,37.0
1977-08-16 00:00,0.0
1977-08-17 00:00,0.0
1977-08-18 00:00,0.0
1977-08-19 00:00,5.0
1977-08-20 00:00,2.0
1977-08-21 00:00,87.0
1977-08-22 00:00,42.0
1977-08-23 00:00,0.0
1977-08-24 00:00,0.0
1977-08-25 00:00,0.0
1977-08-26 00:00,0.0
1977-08-27 00:00,20.0
1977-08-28 00:00,0.0
1977-08-29 00:00,0.0
1977-08-30 00:00,0.0
1977-08-31 00:00,0.0
1977-09-01 00:00,0.0
1977-09-02 00:00,0.0
1977-09-03 00:00,0.0
1977-09-04 00:00,0.0
1977-09-05 00:00,4.0
1977-09-06 00:00,0.0
1977-09-07 00:00,0.0
1977-09-08 00:00,0.0
1977-09-09 00:00,0.0
1977-09-10 00:00,15.0
1977-09-11 00:00,0.0
1977-09-12 00:00,0.0
1977-09-13 00:00,0.0
1977-09-14 00:00,2.0
1977-09-15 00:00,0.0
1977-09-16 00:00,0.0
1977-09-17 00:00,0.0
1977-09-18 00:00,15.0
1977-09-19 00:00,92.0
1977-09-20 00:00,64.0
1977-09-21 00:00,5.0
1977-09-22 00:00,22.0
1977-09-23 00:00,3.0
1977-09-24 00:00,0.0
1977-09-25 00:00,10.0
1977-09-26 00:00,5.0
1977-09-27 00:00,80.0
1977-09-28 00:00,32.0
1977-09-29 00:00,30.0
1977-09-30 00:00,18.0
1977-10-01 00:00,0.0
1977-10-02 00:00,22.0
1977-10-03 00:00,0.0
1977-10-04 00:00,0.0
1977-10-05 00:00,5.0
1977-10-06 00:00,20.0
1977-10-07 00:00,15.0
1977-10-08 00:00,40.0
1977-10-09 00:00,43.0
1977-10-10 00:00,13.0
1977-10-11 00:00,23.0
1977-10-12 00:00,30.0
1977-10-13 00:00,50.0
1977-10-14 00:00,13.0
1977-10-15 00:00,16.0
1977-10-16 00:00,9.0
1977-10-17 00:00,5.0
1977-10-18 00:00,11.0
1977-10-19 00:00,2.0
1977-10-20 00:00,15.0
1977-10-21 00:00,0.0
1977-10-22 00:00,0.0
1977-10-23 00:00,23.0
1977-10-24 00:00,15.0
1977-10-25 00:00,59.0
1977-10-26 00:00,28.0
1977-10-27 00:00,0.0
1977-10-28 00:00,21.0
1977-10-29 00:00,18.0
1977-10-30 00:00,3.0
1977-10-31 00:00,0.0
1977-11-01 00:00,0.0
1977-11-02 00:00,20.0
1977-11-03 00:00,0.0
1977-11-04 00:00,15.0
1977-11-05 00:00,34.0
1977-11-06 00:00,74.0
1977-11-07 00:00,0.0
1977-11-08 00:00,17.0
1977-11-09 00:00,18.0
1977-11-10 00:00,32.0
1977-11-11 00:00,34.0
1977-11-12 00:00,28.0
1977-11-13 00:00,41.0
1977-11-14 00:00,61.0
1977-11-15 00:00,66.0
1977-11-16 00:00,26.0
1977-11-17 00:00,37.0
1977-11-18 00:00,1.0
1977-11-19 00:00,27.0
1977-11-20 00:00,12.0
1977-11-21 00:00,1.0
1977-11-22 00:00,12.0
1977-11-23 00:00,11.0
1977-11-24 00:00,0.0
1977-11-25 00:00,5.0
1977-11-26 00:00,22.0
1977-11-27 00:00,13.0
1977-11-28 00:00,0.0
1977-11-29 00:00,0.0
1977-11-30 00:00,0.0
1977-12-01 00:00,150.0
1977-12-02 00:00,60.0
1977-12-03 00:00,23.0
1977-12-04 00:00,10.0
1977-12-05 00:00,1.0
1977-12-06 00:00,16.0
1977-12-07 00:00,25.0
1977-12-08 00:00,0.0
1977-12-09 00:00,0.0
1977-12-10 00:00,0.0
1977-12-11 00:00,0.0
1977-12-12 00:00,73.0
1977-12-13 00:00,0.0
1977-12-14 00:00,12.0
1977-12-15 00:00,20.0
1977-12-16 00:00,20.0
1977-12-17 00:00,21.0
1977-12-18 00:00,33.0
1977-12-19 00:00,5.0
1977-12-20 00:00,1.0
1977-12-21 00:00,0.0
1977-12-22 00:00,1.0
1977-12-23 00:00,0.0
1977-12-24 00:00,1.0
1977-12-25 00:00,20.0
1977-12-26 00:00,30.0
1977-12-27 00:00,33.0
1977-12-28 00:00,5.0
1977-12-29 00:00,0.0
1977-12-30 00:00,0.0
1977-12-31 00:00,0.0
1978-01-01 00:00,0.0
1978-01-02 00:00,0.0
1978-01-03 00:00,15.0
1978-01-04 00:00,0.0
1978-01-05 00:00,21.0
1978-01-06 00:00,1.0
1978-01-07 00:00,40.0
1978-01-08 00:00,17.0
1978-01-09 00:00,6.0
1978-01-10 00:00,15.0
1978-01-11 00:00,5.0
1978-01-12 00:00,5.0
1978-01-13 00:00,0.0
1978-01-14 00:00,1.0
1978-01-15 00:00,0.0
1978-01-16 00:00,0.0
1978-01-17 00:00,0.0
1978-01-18 00:00,0.0
1978-01-19 00:00,0.0
1978-01-20 00:00,0.0
1978-01-21 00:00,0.0
1978-01-22 00:00,0.0
1978-01-23 00:00,8.0
1978-01-24 00:00,0.0
1978-01-25 00:00,0.0
1978-01-26 00:00,15.0
1978-01-27 00:00,51.0
1978-01-28 00:00,75.0
1978-01-29 00:00,0.0
1978-01-30 00:00,0.0
1978-01-31 00:00,0.0
1978-02-01 00:00,0.0
1978-02-02 00:00,0.0
1978-02-03 00:00,0.0
1978-02-04 00:00,7.7
1978-02-05 00:00,0.3
1978-02-06 00:00,1.5
1978-02-07 00:00,4.9
1978-02-08 00:00,2.1
1978-02-09 00:00,0.0
1978-02-10 00:00,0.7
1978-02-11 00:00,0.0
1978-02-12 00:00,2.5
1978-02-13 00:00,0.2
1978-02-14 00:00,0.1
1978-02-15 00:00,0.0
1978-02-16 00:00,0.0
1978-02-17 00:00,0.3
1978-02-18 00:00,2.1
1978-02-19 00:00,0.0
1978-02-20 00:00,0.5
1978-02-21 00:00,0.0
1978-02-22 00:00,4.0
1978-02-23 00:00,0.0
1978-02-24 00:00,1.3
1978-02-25 00:00,4.3
1978-02-26 00:00,0.0
1978-02-27 00:00,0.0
1978-02-28 00:00,0.0
1978-03-01 00:00,1.0
1978-03-02 00:00,3.0
1978-03-03 00:00,1.3
1978-03-04 00:00,1.8
1978-03-05 00:00,0.0
1978-03-06 00:00,1.5
1978-03-07 00:00,2.1
1978-03-08 00:00,4.2
1978-03-09 00:00,0.0
1978-03-10 00:00,0.0
1978-03-11 00:00,0.0
1978-03-12 00:00,0.0
1978-03-13 00:00,0.0
1978-03-14 00:00,0.0
1978-03-15 00:00,0.0
1978-03-16 00:00,0.0
1978-03-17 00:00,4.1
1978-03-18 00:00,3.4
1978-03-19 00:00,0.0
1978-03-20 00:00,7.2
1978-03-21 00:00,6.1
1978-03-22 00:00,11.5
1978-03-23 00:00,0.8
1978-03-24 00:00,8.2
1978-03-25 00:00,0.6
1978-03-26 00:00,1.0
1978-03-27 00:00,0.8
1978-03-28 00:00,4.3
1978-03-29 00:00,4.7
1978-03-30 00:00,7.0
1978-03-31 00:00,8.0
1978-04-01 00:00,3.6
1978-04-02 00:00,0.6
1978-04-03 00:00,3.0
1978-04-04 00:00,6.2
1978-04-05 00:00,3.7
1978-04-06 00:00,4.9
1978-04-07 00:00,1.7
1978-04-08 00:00,0.3
1978-04-09 00:00,0.1
1978-04-10 00:00,4.4
1978-04-11 00:00,0.0
1978-04-12 00:00,9.0
1978-04-13 00:00,3.0
1978-04-14 00:00,0.0
1978-04-15 00:00,13.3
1978-04-16 00:00,5.4
1978-04-17 00:00,4.4
1978-04-18 00:00,0.0
1978-04-19 00:00,3.0
1978-04-20 00:00,0.6
1978-04-21 00:00,2.3
1978-04-22 00:00,0.4
1978-04-23 00:00,6.0
1978-04-24 00:00,8.6
1978-04-25 00:00,0.7
1978-04-26 00:00,1.0
1978-04-27 00:00,6.3
1978-04-28 00:00,3.8
1978-04-29 00:00,2.2
1978-04-30 00:00,0.0
1978-05-01 00:00,2.3
1978-05-02 00:00,3.3
1978-05-03 00:00,1.9
1978-05-04 00:00,0.0
1978-05-05 00:00,1.7
1978-05-06 00:00,3.0
1978-05-07 00:00,0.5
1978-05-08 00:00,0.7
1978-05-09 00:00,0.0
1978-05-10 00:00,14.4
1978-05-11 00:00,0.0
1978-05-12 00:00,2.5
1978-05-13 00:00,3.0
1978-05-14 00:00,0.0
1978-05-15 00:00,0.0
1978-05-16 00:00,0.0
1978-05-17 00:00,0.0
1978-05-18 00:00,0.0
1978-05-19 00:00,2.8
1978-05-20 00:00,0.2
1978-05-21 00:00,3.3
1978-05-22 00:00,0.0
1978-05-23 00:00,6.5
1978-05-24 00:00,11.2
1978-05-25 00:00,11.3
1978-05-26 00:00,3.0
1978-05-27 00:00,10.0
1978-05-28 00:00,0.1
1978-05-29 00:00,0.3
1978-05-30 00:00,5.5
1978-05-31 00:00,6.3
1978-06-01 00:00,1.3
1978-06-02 00:00,0.0
1978-06-03 00:00,2.3
1978-06-04 00:00,0.0
1978-06-05 00:00,0.0
1978-06-06 00:00,0.0
1978-06-07 00:00,0.0
1978-06-08 00:00,0.1
1978-06-09 00:00,0.0
1978-06-10 00:00,5.6
1978-06-11 00:00,5.6
1978-06-12 00:00,0.1
1978-06-13 00:00,0.0
1978-06-14 00:00,0.0
1978-06-15 00:00,5.0
1978-06-16 00:00,0.0
1978-06-17 00:00,2.1
1978-06-18 00:00,2.5
1978-06-19 00:00,0.0
1978-06-20 00:00,3.4
1978-06-21 00:00,1.0
1978-06-22 00:00,0.0
1978-06-23 00:00,9.6
1978-06-24 00:00,0.0
1978-06-25 00:00,0.0
1978-06-26 00:00,1.0
1978-06-27 00:00,0.0
1978-06-28 00:00,4.0
1978-06-29 00:00,2.3
1978-06-30 00:00,2.3
1978-07-01 00:00,8.9
1978-07-02 00:00,0.3
1978-07-03 00:00,6.9
1978-07-04 00:00,0.0
1978-07-05 00:00,0.4
1978-07-06 00:00,0.0
1978-07-07 00:00,0.0
1978-07-08 00:00,0.0
1978-07-09 00:00,0.0
1978-07-10 00:00,0.0
1978-07-11 00:00,0.0
1978-07-12 00:00,2.1
1978-07-13 00:00,0.0
1978-07-14 00:00,5.6
1978-07-15 00:00,4.0
1978-07-16 00:00,0.0
1978-07-17 00:00,0.0
1978-07-18 00:00,0.0
1978-07-19 00:00,1.1
1978-07-20 00:00,1.4
1978-07-21 00:00,0.0
1978-07-22 00:00,0.0
1978-07-23 00:00,0.0
1978-07-24 00:00,1.0
1978-07-25 00:00,1.2
1978-07-26 00:00,0.0
1978-07-27 00:00,0.0
1978-07-28 00:00,0.0
1978-07-29 00:00,0.0
1978-07-30 00:00,0.0
1978-07-31 00:00,0.0
1978-08-01 00:00,0.0
1978-08-02 00:00,0.0
1978-08-03 00:00,0.4
1978-08-04 00:00,1.2
1978-08-05 00:00,0.0
1978-08-06 00:00,0.0
1978-08-07 00:00,0.7
1978-08-08 00:00,10.0
1978-08-09 00:00,0.5
1978-08-10 00:00,0.0
1978-08-11 00:00,0.0
1978-08-12 00:00,0.0
1978-08-13 00:00,0.0
1978-08-14 00:00,0.0
1978-08-15 00:00,0.0
1978-08-16 00:00,0.0
1978-08-17 00:00,0.0
1978-08-18 00:00,0.0
1978-08-19 00:00,0.0
1978-08-20 00:00,0.0
1978-08-21 00:00,0.0
1978-08-22 00:00,0.0
1978-08-23 00:00,0.0
1978-08-24 00:00,0.0
1978-08-25 00:00,2.9
1978-08-26 00:00,0.0
1978-08-27 00:00,2.1
1978-08-28 00:00,0.0
1978-08-29 00:00,3.5
1978-08-30 00:00,0.0
1978-08-31 00:00,0.0
1978-09-01 00:00,0.0
1978-09-02 00:00,0.4
1978-09-03 00:00,0.0
1978-09-04 00:00,0.0
1978-09-05 00:00,4.2
1978-09-06 00:00,0.0
1978-09-07 00:00,1.2
1978-09-08 00:00,2.0
1978-09-09 00:00,6.7
1978-09-10 00:00,0.0
1978-09-11 00:00,7.2
1978-09-12 00:00,1.8
1978-09-13 00:00,0.0
1978-09-14 00:00,5.1
1978-09-15 00:00,5.0
1978-09-16 00:00,0.8
1978-09-17 00:00,6.9
1978-09-18 00:00,0.1
1978-09-19 00:00,0.0
1978-09-20 00:00,4.5
1978-09-21 00:00,0.0
1978-09-22 00:00,0.7
1978-09-23 00:00,5.0
1978-09-24 00:00,3.3
1978-09-25 00:00,3.5
1978-09-26 00:00,7.0
1978-09-27 00:00,0.2
1978-09-28 00:00,3.5
1978-09-29 00:00,4.0
1978-09-30 00:00,4.8
1978-10-01 00:00,0.4
1978-10-02 00:00,0.8
1978-10-03 00:00,0.0
1978-10-04 00:00,0.0
1978-10-05 00:00,0.0
1978-10-06 00:00,0.0
1978-10-07 00:00,9.6
1978-10-08 00:00,1.0
1978-10-09 00:00,0.5
1978-10-10 00:00,4.4
1978-10-11 00:00,0.4
1978-10-12 00:00,0.5
1978-10-13 00:00,0.6
1978-10-14 00:00,13.1
1978-10-15 00:00,2.0
1978-10-16 00:00,6.8
1978-10-17 00:00,12.3
1978-10-18 00:00,4.5
1978-10-19 00:00,4.5
1978-10-20 00:00,5.7
1978-10-21 00:00,2.0
1978-10-22 00:00,10.0
1978-10-23 00:00,2.9
1978-10-24 00:00,9.0
1978-10-25 00:00,1.9
1978-10-26 00:00,0.2
1978-10-27 00:00,0.0
1978-10-28 00:00,3.0
1978-10-29 00:00,3.1
1978-10-30 00:00,1.0
1978-10-31 00:00,4.9
1978-11-01 00:00,0.0
1978-11-02 00:00,7.0
1978-11-03 00:00,2.0
1978-11-04 00:00,3.0
1978-11-05 00:00,4.8
1978-11-06 00:00,4.0
1978-11-07 00:00,0.3
1978-11-08 00:00,1.2
1978-11-09 00:00,6.0
1978-11-10 00:00,1.4
1978-11-11 00:00,3.0
1978-11-12 00:00,9.4
1978-11-13 00:00,1.2
1978-11-14 00:00,2.0
1978-11-15 00:00,1.0
1978-11-16 00:00,0.7
1978-11-17 00:00,0.3
1978-11-18 00:00,0.8
1978-11-19 00:00,5.8
1978-11-20 00:00,0.5
1978-11-21 00:00,0.9
1978-11-22 00:00,3.0
1978-11-23 00:00,5.8
1978-11-24 00:00,3.1
1978-11-25 00:00,0.0
1978-11-26 00:00,0.0
1978-11-27 00:00,0.0
1978-11-28 00:00,0.0
1978-11-29 00:00,3.9
1978-11-30 00:00,4.3
1978-12-01 00:00,2.6
1978-12-02 00:00,4.0
1978-12-03 00:00,9.0
1978-12-04 00:00,4.6
1978-12-05 00:00,1.1
1978-12-06 00:00,0.6
1978-12-07 00:00,0.3
1978-12-08 00:00,10.6
1978-12-09 00:00,0.0
1978-12-10 00:00,1.2
1978-12-11 00:00,6.2
1978-12-12 00:00,3.8
1978-12-13 00:00,5.9
1978-12-14 00:00,0.8
1978-12-15 00:00,1.0
1978-12-16 00:00,4.5
1978-12-17 00:00,5.0
1978-12-18 00:00,0.0
1978-12-19 00:00,1.0
1978-12-20 00:00,1.2
1978-12-21 00:00,1.2
1978-12-22 00:00,0.1
1978-12-23 00:00,0.0
1978-12-24 00:00,3.0
1978-12-25 00:00,4.0
1978-12-26 00:00,2.0
1978-12-27 00:00,0.6
1978-12-28 00:00,7.8
1978-12-29 00:00,0.0
1978-12-30 00:00,5.0
1978-12-31 00:00,2.5
1979-01-01 00:00,0.0
1979-01-02 00:00,0.0
1979-01-03 00:00,0.0
1979-01-04 00:00,0.0
1979-01-05 00:00,0.4
1979-01-06 00:00,0.0
1979-01-07 00:00,0.0
1979-01-08 00:00,0.5
1979-01-09 00:00,0.2
1979-01-10 00:00,0.0
1979-01-11 00:00,0.0
1979-01-12 00:00,1.3
1979-01-13 00:00,0.0
1979-01-14 00:00,0.0
1979-01-15 00:00,0.0
1979-01-16 00:00,0.0
1979-01-17 00:00,0.0
1979-01-18 00:00,0.1
1979-01-19 00:00,0.0
1979-01-20 00:00,0.0
1979-01-21 00:00,2.6
1979-01-22 00:00,0.0
1979-01-23 00:00,1.8
1979-01-24 00:00,1.9
1979-01-25 00:00,0.0
1979-01-26 00:00,3.9
1979-01-27 00:00,1.8
1979-01-28 00:00,0.9
1979-01-29 00:00,0.2
1979-01-30 00:00,0.1
1979-01-31 00:00,0.4
1979-02-01 00:00,0.1
1979-02-02 00:00,0.0
1979-02-03 00:00,0.0
1979-02-04 00:00,0.0
1979-02-05 00:00,0.0
1979-02-06 00:00,4.5
1979-02-07 00:00,0.4
1979-02-08 00:00,0.0
1979-02-09 00:00,0.0
1979-02-10 00:00,6.0
1979-02-11 00:00,1.7
1979-02-12 00:00,0.6
1979-02-13 00:00,8.0
1979-02-14 00:00,0.0
1979-02-15 00:00,8.1
1979-02-16 00:00,4.0
1979-02-17 00:00,0.9
1979-02-18 00:00,0.0
1979-02-19 00:00,0.0
1979-02-20 00:00,0.0
1979-02-21 00:00,7.5
1979-02-22 00:00,8.0
1979-02-23 00:00,0.8
1979-02-24 00:00,0.0
1979-02-25 00:00,0.0
1979-02-26 00:00,0.5
1979-02-27 00:00,0.1
1979-02-28 00:00,1.0
1979-03-01 00:00,1.0
1979-03-02 00:00,1.6
1979-03-03 00:00,0.0
1979-03-04 00:00,0.0
1979-03-05 00:00,3.7
1979-03-06 00:00,0.3
1979-03-07 00:00,6.5
1979-03-08 00:00,0.1
1979-03-09 00:00,0.1
1979-03-10 00:00,0.0
1979-03-11 00:00,2.2
1979-03-12 00:00,1.1
1979-03-13 00:00,3.6
1979-03-14 00:00,1.0
1979-03-15 00:00,0.4
1979-03-16 00:00,3.3
1979-03-17 00:00,0.0
1979-03-18 00:00,0.1
1979-03-19 00:00,0.9
1979-03-20 00:00,0.0
1979-03-21 00:00,0.6
1979-03-22 00:00,2.3
1979-03-23 00:00,2.8
1979-03-24 00:00,6.0
1979-03-25 00:00,4.1
1979-03-26 00:00,2.6
1979-03-27 00:00,0.0
1979-03-28 00:00,2.8
1979-03-29 00:00,9.0
1979-03-30 00:00,0.2
1979-03-31 00:00,0.0
1979-04-01 00:00,0.0
1979-04-02 00:00,7.3
1979-04-03 00:00,0.0
1979-04-04 00:00,1.0
1979-04-05 00:00,1.5
1979-04-06 00:00,6.5
1979-04-07 00:00,1.1
1979-04-08 00:00,1.5
1979-04-09 00:00,2.8
1979-04-10 00:00,0.0
1979-04-11 00:00,0.0
1979-04-12 00:00,0.0
1979-04-13 00:00,0.0
1979-04-14 00:00,1.7
1979-04-15 00:00,0.2
1979-04-16 00:00,1.1
1979-04-17 00:00,5.1
1979-04-18 00:00,0.0
1979-04-19 00:00,3.4
1979-04-20 00:00,0.2
1979-04-21 00:00,1.2
1979-04-22 00:00,13.0
1979-04-23 00:00,0.0
1979-04-24 00:00,8.5
1979-04-25 00:00,3.4
1979-04-26 00:00,3.2
1979-04-27 00:00,9.7
1979-04-28 00:00,1.9
1979-04-29 00:00,0.0
1979-04-30 00:00,7.0
1979-05-01 00:00,2.2
1979-05-02 00:00,2.6
1979-05-03 00:00,0.0
1979-05-04 00:00,0.2
1979-05-05 00:00,0.0
1979-05-06 00:00,0.0
1979-05-07 00:00,0.0
1979-05-08 00:00,0.0
1979-05-09 00:00,0.0
1979-05-10 00:00,0.0
1979-05-11 00:00,4.2
1979-05-12 00:00,1.3
1979-05-13 00:00,0.1
1979-05-14 00:00,0.1
1979-05-15 00:00,0.2
1979-05-16 00:00,0.3
1979-05-17 00:00,3.7
1979-05-18 00:00,1.5
1979-05-19 00:00,0.8
1979-05-20 00:00,3.2
1979-05-21 00:00,0.0
1979-05-22 00:00,1.3
1979-05-23 00:00,0.2
1979-05-24 00:00,0.6
1979-05-25 00:00,0.8
1979-05-26 00:00,3.3
1979-05-27 00:00,0.1
1979-05-28 00:00,0.0
1979-05-29 00:00,4.2
1979-05-30 00:00,2.1
1979-05-31 00:00,9.5
1979-06-01 00:00,2.0
1979-06-02 00:00,6.5
1979-06-03 00:00,8.5
1979-06-04 00:00,5.0
1979-06-05 00:00,1.5
1979-06-06 00:00,2.0
1979-06-07 00:00,3.0
1979-06-08 00:00,0.9
1979-06-09 00:00,3.8
1979-06-10 00:00,0.1
1979-06-11 00:00,0.9
1979-06-12 00:00,0.1
1979-06-13 00:00,0.2
1979-06-14 00:00,0.0
1979-06-15 00:00,0.0
1979-06-16 00:00,1.2
1979-06-17 00:00,0.4
1979-06-18 00:00,0.0
1979-06-19 00:00,0.0
1979-06-20 00:00,0.0
1979-06-21 00:00,0.0
1979-06-22 00:00,0.0
1979-06-23 00:00,0.0
1979-06-24 00:00,3.8
1979-06-25 00:00,0.0
1979-06-26 00:00,0.0
1979-06-27 00:00,0.0
1979-06-28 00:00,0.0
1979-06-29 00:00,0.0
1979-06-30 00:00,1.0
1979-07-01 00:00,0.0
1979-07-02 00:00,2.5
1979-07-03 00:00,0.0
1979-07-04 00:00,0.0
1979-07-05 00:00,0.0
1979-07-06 00:00,0.0
1979-07-07 00:00,0.0
1979-07-08 00:00,0.0
1979-07-09 00:00,0.0
1979-07-10 00:00,0.0
1979-07-11 00:00,0.0
1979-07-12 00:00,3.4
1979-07-13 00:00,4.3
1979-07-14 00:00,7.5
1979-07-15 00:00,3.6
1979-07-16 00:00,0.1
1979-07-17 00:00,1.7
1979-07-18 00:00,0.0
1979-07-19 00:00,0.0
1979-07-20 00:00,0.7
1979-07-21 00:00,0.0
1979-07-22 00:00,0.0
1979-07-23 00:00,0.0
1979-07-24 00:00,2.5
1979-07-25 00:00,0.2
1979-07-26 00:00,0.0
1979-07-27 00:00,0.0
1979-07-28 00:00,0.0
1979-07-29 00:00,0.0
1979-07-30 00:00,2.0
1979-07-31 00:00,4.7
1979-08-01 00:00,3.3
1979-08-02 00:00,0.0
1979-08-03 00:00,0.0
1979-08-04 00:00,0.0
1979-08-05 00:00,0.0
1979-08-06 00:00,0.0
1979-08-07 00:00,0.0
1979-08-08 00:00,0.0
1979-08-09 00:00,0.0
1979-08-10 00:00,0.0
1979-08-11 00:00,0.0
1979-08-12 00:00,0.0
1979-08-13 00:00,4.3
1979-08-14 00:00,5.0
1979-08-15 00:00,5.0
1979-08-16 00:00,2.0
1979-08-17 00:00,1.3
1979-08-18 00:00,2.1
1979-08-19 00:00,0.0
1979-08-20 00:00,0.3
1979-08-21 00:00,5.2
1979-08-22 00:00,4.8
1979-08-23 00:00,4.0
1979-08-24 00:00,1.7
1979-08-25 00:00,0.8
1979-08-26 00:00,0.0
1979-08-27 00:00,2.5
1979-08-28 00:00,1.8
1979-08-29 00:00,15.0
1979-08-30 00:00,1.2
1979-08-31 00:00,2.5
1979-09-01 00:00,0.8
1979-09-02 00:00,0.9
1979-09-03 00:00,6.0
1979-09-04 00:00,0.0
1979-09-05 00:00,0.0
1979-09-06 00:00,0.0
1979-09-07 00:00,0.9
1979-09-08 00:00,5.0
1979-09-09 00:00,6.2
1979-09-10 00:00,0.0
1979-09-11 00:00,7.6
1979-09-12 00:00,2.4
1979-09-13 00:00,4.7
1979-09-14 00:00,5.0
1979-09-15 00:00,0.5
1979-09-16 00:00,2.2
1979-09-17 00:00,2.0
1979-09-18 00:00,2.0
1979-09-19 00:00,12.0
1979-09-20 00:00,0.9
1979-09-21 00:00,2.2
1979-09-22 00:00,9.8
1979-09-23 00:00,0.3
1979-09-24 00:00,8.8
1979-09-25 00:00,0.0
1979-09-26 00:00,0.0
1979-09-27 00:00,0.0
1979-09-28 00:00,0.0
1979-09-29 00:00,2.0
1979-09-30 00:00,0.0
1979-10-01 00:00,1.0
1979-10-02 00:00,0.0
1979-10-03 00:00,0.5
1979-10-04 00:00,2.7
1979-10-05 00:00,3.6
1979-10-06 00:00,0.0
1979-10-07 00:00,0.1
1979-10-08 00:00,0.0
1979-10-09 00:00,0.0
1979-10-10 00:00,0.5
1979-10-11 00:00,6.9
1979-10-12 00:00,3.5
1979-10-13 00:00,5.0
1979-10-14 00:00,4.0
1979-10-15 00:00,6.5
1979-10-16 00:00,3.5
1979-10-17 00:00,0.5
1979-10-18 00:00,1.0
1979-10-19 00:00,0.8
1979-10-20 00:00,0.5
1979-10-21 00:00,0.0
1979-10-22 00:00,7.4
1979-10-23 00:00,0.0
1979-10-24 00:00,0.2
1979-10-25 00:00,12.0
1979-10-26 00:00,5.5
1979-10-27 00:00,7.8
1979-10-28 00:00,0.5
1979-10-29 00:00,0.0
1979-10-30 00:00,0.0
1979-10-31 00:00,0.0
1979-11-01 00:00,0.5
1979-11-02 00:00,0.0
1979-11-03 00:00,6.2
1979-11-04 00:00,7.4
1979-11-05 00:00,1.4
1979-11-06 00:00,1.3
1979-11-07 00:00,3.8
1979-11-08 00:00,0.0
1979-11-09 00:00,1.0
1979-11-10 00:00,0.2
1979-11-11 00:00,3.2
1979-11-12 00:00,0.0
1979-11-13 00:00,3.0
1979-11-14 00:00,4.5
1979-11-15 00:00,2.0
1979-11-16 00:00,0.0
1979-11-17 00:00,2.6
1979-11-18 00:00,0.0
1979-11-19 00:00,0.0
1979-11-20 00:00,2.2
1979-11-21 00:00,4.0
1979-11-22 00:00,1.1
1979-11-23 00:00,3.0
1979-11-24 00:00,1.5
1979-11-25 00:00,8.5
1979-11-26 00:00,0.0
1979-11-27 00:00,0.0
1979-11-28 00:00,4.0
1979-11-29 00:00,2.6
1979-11-30 00:00,0.0
1979-12-01 00:00,0.0
1979-12-02 00:00,0.0
1979-12-03 00:00,0.0
1979-12-04 00:00,0.0
1979-12-05 00:00,0.0
1979-12-06 00:00,0.0
1979-12-07 00:00,0.0
1979-12-08 00:00,0.9
1979-12-09 00:00,2.1
1979-12-10 00:00,1.5
1979-12-11 00:00,2.9
1979-12-12 00:00,4.3
1979-12-13 00:00,0.0
1979-12-14 00:00,4.3
1979-12-15 00:00,8.5
1979-12-16 00:00,0.5
1979-12-17 00:00,0.5
1979-12-18 00:00,1.2
1979-12-19 00:00,1.0
1979-12-20 00:00,1.2
1979-12-21 00:00,0.2
1979-12-22 00:00,1.0
1979-12-23 00:00,0.0
1979-12-24 00:00,0.6
1979-12-25 00:00,1.9
1979-12-26 00:00,8.0
1979-12-27 00:00,2.5
1979-12-28 00:00,1.1
1979-12-29 00:00,1.0
1979-12-30 00:00,4.0
1979-12-31 00:00,8.9
1980-01-01 00:00,5.5
1980-01-02 00:00,0.1
1980-01-03 00:00,0.9
1980-01-04 00:00,1.0
1980-01-05 00:00,5.2
1980-01-06 00:00,5.0
1980-01-07 00:00,0.0
1980-01-08 00:00,0.0
1980-01-09 00:00,3.3
1980-01-10 00:00,10.3
1980-01-11 00:00,3.3
1980-01-12 00:00,3.6
1980-01-13 00:00,5.6
1980-01-14 00:00,0.2
1980-01-15 00:00,2.5
1980-01-16 00:00,0.2
1980-01-17 00:00,0.0
1980-01-18 00:00,2.9
1980-01-19 00:00,0.1
1980-01-20 00:00,0.0
1980-01-21 00:00,0.1
1980-01-22 00:00,2.6
1980-01-23 00:00,0.1
1980-01-24 00:00,1.4
1980-01-25 00:00,0.0
1980-01-26 00:00,0.0
1980-01-27 00:00,0.0
1980-01-28 00:00,0.3
1980-01-29 00:00,10.1
1980-01-30 00:00,1.5
1980-01-31 00:00,10.2
1980-02-01 00:00,0.5
1980-02-02 00:00,11.5
1980-02-03 00:00,8.6
1980-02-04 00:00,2.5
1980-02-05 00:00,5.9
1980-02-06 00:00,0.0
1980-02-07 00:00,0.0
1980-02-08 00:00,0.0
1980-02-09 00:00,0.0
1980-02-10 00:00,0.0
1980-02-11 00:00,0.0
1980-02-12 00:00,0.0
1980-02-13 00:00,0.0
1980-02-14 00:00,1.4
1980-02-15 00:00,4.0
1980-02-16 00:00,0.0
1980-02-17 00:00,0.4
1980-02-18 00:00,3.5
1980-02-19 00:00,6.5
1980-02-20 00:00,0.5
1980-02-21 00:00,0.0
1980-02-22 00:00,0.0
1980-02-23 00:00,0.0
1980-02-24 00:00,1.4
1980-02-25 00:00,0.5
1980-02-26 00:00,0.0
1980-02-27 00:00,0.0
1980-02-28 00:00,0.0
1980-02-29 00:00,0.0
1980-03-01 00:00,0.0
1980-03-02 00:00,0.0
1980-03-03 00:00,0.0
1980-03-04 00:00,0.0
1980-03-05 00:00,0.0
1980-03-06 00:00,0.0
1980-03-07 00:00,0.0
1980-03-08 00:00,3.7
1980-03-09 00:00,0.5
1980-03-10 00:00,0.2
1980-03-11 00:00,0.5
1980-03-12 00:00,2.4
1980-03-13 00:00,0.0
1980-03-14 00:00,7.5
1980-03-15 00:00,1.0
1980-03-16 00:00,5.3
1980-03-17 00:00,13.5
1980-03-18 00:00,2.4
1980-03-19 00:00,0.0
1980-03-20 00:00,0.0
1980-03-21 00:00,0.0
1980-03-22 00:00,0.0
1980-03-23 00:00,0.0
1980-03-24 00:00,0.0
1980-03-25 00:00,0.0
1980-03-26 00:00,0.0
1980-03-27 00:00,0.0
1980-03-28 00:00,0.0
1980-03-29 00:00,0.0
1980-03-30 00:00,1.0
1980-03-31 00:00,0.0
1980-04-01 00:00,5.7
1980-04-02 00:00,2.6
1980-04-03 00:00,1.6
1980-04-04 00:00,6.0
1980-04-05 00:00,3.0
1980-04-06 00:00,8.5
1980-04-07 00:00,0.6
1980-04-08 00:00,0.3
1980-04-09 00:00,1.0
1980-04-10 00:00,0.0
1980-04-11 00:00,1.0
1980-04-12 00:00,4.0
1980-04-13 00:00,8.3
1980-04-14 00:00,0.8
1980-04-15 00:00,0.0
1980-04-16 00:00,0.0
1980-04-17 00:00,0.0
1980-04-18 00:00,0.0
1980-04-19 00:00,0.0
1980-04-20 00:00,1.3
1980-04-21 00:00,6.4
1980-04-22 00:00,0.0
1980-04-23 00:00,0.5
1980-04-24 00:00,0.3
1980-04-25 00:00,1.0
1980-04-26 00:00,0.0
1980-04-27 00:00,0.0
1980-04-28 00:00,1.8
1980-04-29 00:00,0.0
1980-04-30 00:00,5.5
1980-05-01 00:00,1.0
1980-05-02 00:00,0.2
1980-05-03 00:00,0.0
1980-05-04 00:00,0.0
1980-05-05 00:00,1.0
1980-05-06 00:00,4.9
1980-05-07 00:00,1.4
1980-05-08 00:00,4.0
1980-05-09 00:00,4.3
1980-05-10 00:00,3.0
1980-05-11 00:00,1.5
1980-05-12 00:00,0.5
1980-05-13 00:00,0.0
1980-05-14 00:00,4.0
1980-05-15 00:00,10.6
1980-05-16 00:00,3.2
1980-05-17 00:00,2.8
1980-05-18 00:00,11.9
1980-05-19 00:00,0.0
1980-05-20 00:00,3.5
1980-05-21 00:00,2.0
1980-05-22 00:00,1.0
1980-05-23 00:00,5.4
1980-05-24 00:00,2.0
1980-05-25 00:00,10.0
1980-05-26 00:00,0.0
1980-05-27 00:00,0.0
1980-05-28 00:00,2.3
1980-05-31 00:00,5.4
1980-06-01 00:00,1.3
1980-06-02 00:00,0.0
1980-06-03 00:00,0.5
1980-06-04 00:00,0.0
1980-06-05 00:00,0.5
1980-06-06 00:00,0.0
1980-06-07 00:00,0.0
1980-06-08 00:00,0.0
1980-06-09 00:00,3.0
1980-06-10 00:00,0.5
1980-06-11 00:00,1.0
1980-06-12 00:00,2.5
1980-06-13 00:00,0.3
1980-06-14 00:00,0.0
1980-06-15 00:00,0.0
1980-06-16 00:00,0.0
1980-06-17 00:00,0.0
1980-06-18 00:00,0.5
1980-06-19 00:00,8.0
1980-06-20 00:00,2.0
1980-06-21 00:00,0.0
1980-06-22 00:00,0.0
1980-06-23 00:00,0.0
1980-06-24 00:00,0.0
1980-06-25 00:00,4.3
1980-06-26 00:00,0.0
1980-06-27 00:00,0.0
1980-06-28 00:00,0.0
1980-06-29 00:00,0.0
1980-06-30 00:00,0.0
1980-07-01 00:00,1.6
1980-07-02 00:00,0.0
1980-07-03 00:00,0.0
1980-07-04 00:00,0.0
1980-07-05 00:00,0.0
1980-07-06 00:00,0.0
1980-07-07 00:00,0.5
1980-07-08 00:00,0.3
1980-07-09 00:00,0.0
1980-07-10 00:00,2.7
1980-07-11 00:00,0.0
1980-07-12 00:00,0.0
1980-07-13 00:00,1.1
1980-07-14 00:00,0.0
1980-07-15 00:00,0.0
1980-07-16 00:00,0.0
1980-07-17 00:00,0.0
1980-07-18 00:00,0.0
1980-07-19 00:00,0.0
1980-07-20 00:00,0.0
1980-07-21 00:00,0.0
1980-07-22 00:00,0.0
1980-07-23 00:00,0.8
1980-07-24 00:00,0.0
1980-07-25 00:00,4.0
1980-07-26 00:00,1.0
1980-07-27 00:00,2.4
1980-07-28 00:00,1.0
1980-07-29 00:00,1.0
1980-07-30 00:00,0.0
1980-07-31 00:00,0.0
1980-08-01 00:00,0.7
1980-08-02 00:00,3.0
1980-08-03 00:00,1.0
1980-08-04 00:00,4.0
1980-08-05 00:00,0.0
1980-08-06 00:00,0.5
1980-08-07 00:00,1.0
1980-08-08 00:00,0.0
1980-08-09 00:00,4.0
1980-08-10 00:00,0.0
1980-08-11 00:00,0.0
1980-08-12 00:00,0.0
1980-08-13 00:00,0.4
1980-08-14 00:00,0.0
1980-08-15 00:00,0.0
1980-08-16 00:00,0.3
1980-08-17 00:00,0.7
1980-08-18 00:00,0.3
1980-08-19 00:00,0.5
1980-08-20 00:00,0.0
1980-08-21 00:00,0.0
1980-08-22 00:00,0.9
1980-08-23 00:00,0.0
1980-08-24 00:00,0.0
1980-08-25 00:00,0.0
1980-08-26 00:00,3.8
1980-08-27 00:00,0.0
1980-08-28 00:00,0.0
1980-08-29 00:00,0.4
1980-08-30 00:00,0.0
1980-08-31 00:00,3.0
1980-09-01 00:00,0.7
1980-09-02 00:00,0.4
1980-09-03 00:00,0.0
1980-09-04 00:00,0.2
1980-09-05 00:00,0.0
1980-09-06 00:00,0.0
1980-09-07 00:00,0.4
1980-09-08 00:00,3.0
1980-09-09 00:00,0.0
1980-09-10 00:00,0.0
1980-09-11 00:00,0.3
1980-09-12 00:00,0.0
1980-09-13 00:00,5.6
1980-09-14 00:00,0.0
1980-09-15 00:00,7.5
1980-09-16 00:00,0.0
1980-09-17 00:00,2.9
1980-09-18 00:00,8.0
1980-09-19 00:00,0.0
1980-09-20 00:00,4.4
1980-09-21 00:00,2.0
1980-09-22 00:00,0.0
1980-09-23 00:00,0.0
1980-09-24 00:00,0.0
1980-09-25 00:00,0.0
1980-09-26 00:00,2.9
1980-09-27 00:00,0.0
1980-09-28 00:00,10.0
1980-09-29 00:00,5.0
1980-09-30 00:00,4.2
1980-10-01 00:00,5.0
1980-10-02 00:00,0.0
1980-10-03 00:00,7.0
1980-10-04 00:00,7.0
1980-10-05 00:00,14.0
1980-10-06 00:00,12.2
1980-10-07 00:00,0.0
1980-10-08 00:00,0.0
1980-10-09 00:00,3.2
1980-10-10 00:00,0.0
1980-10-11 00:00,2.1
1980-10-12 00:00,1.2
1980-10-13 00:00,0.0
1980-10-14 00:00,6.0
1980-10-15 00:00,0.4
1980-10-16 00:00,1.0
1980-10-17 00:00,1.0
1980-10-18 00:00,1.2
1980-10-19 00:00,2.0
1980-10-20 00:00,0.0
1980-10-21 00:00,2.5
1980-10-22 00:00,1.2
1980-10-23 00:00,0.0
1980-10-24 00:00,0.0
1980-10-25 00:00,2.2
1980-10-26 00:00,4.0
1980-10-27 00:00,5.2
1980-10-28 00:00,0.0
1980-10-29 00:00,4.0
1980-10-30 00:00,2.5
1980-10-31 00:00,5.7
1980-11-01 00:00,2.7
1980-11-02 00:00,6.1
1980-11-03 00:00,1.6
1980-11-04 00:00,9.1
1980-11-05 00:00,10.2
1980-11-06 00:00,0.5
1980-11-07 00:00,2.3
1980-11-08 00:00,0.7
1980-11-09 00:00,6.2
1980-11-10 00:00,0.0
1980-11-11 00:00,3.0
1980-11-12 00:00,3.4
1980-11-13 00:00,5.0
1980-11-14 00:00,6.7
1980-11-15 00:00,4.5
1980-11-16 00:00,0.5
1980-11-17 00:00,6.7
1980-11-18 00:00,5.4
1980-11-19 00:00,2.1
1980-11-20 00:00,3.2
1980-11-21 00:00,4.2
1980-11-22 00:00,5.0
1980-11-23 00:00,5.0
1980-11-24 00:00,0.0
1980-11-25 00:00,7.0
1980-11-26 00:00,0.1
1980-11-27 00:00,0.0
1980-11-28 00:00,1.0
1980-11-29 00:00,7.4
1980-11-30 00:00,0.0
1980-12-01 00:00,4.2
1980-12-02 00:00,1.2
1980-12-03 00:00,6.5
1980-12-04 00:00,10.9
1980-12-05 00:00,0.3
1980-12-06 00:00,1.6
1980-12-07 00:00,1.7
1980-12-08 00:00,0.0
1980-12-09 00:00,0.0
1980-12-10 00:00,0.2
1980-12-11 00:00,0.2
1980-12-12 00:00,5.7
1980-12-13 00:00,1.3
1980-12-14 00:00,3.7
1980-12-15 00:00,3.2
1980-12-16 00:00,0.4
1980-12-17 00:00,1.6
1980-12-18 00:00,7.9
1980-12-19 00:00,8.0
1980-12-20 00:00,0.9
1980-12-21 00:00,4.1
1980-12-22 00:00,5.2
1980-12-23 00:00,8.0
1980-12-24 00:00,4.1
1980-12-25 00:00,3.0
1980-12-26 00:00,7.0
1980-12-27 00:00,2.8
1980-12-28 00:00,4.3
1980-12-29 00:00,0.0
1980-12-30 00:00,4.0
1980-12-31 00:00,0.0
1981-01-01 00:00,1.7
1981-01-02 00:00,1.8
1981-01-03 00:00,0.0
1981-01-04 00:00,1.7
1981-01-05 00:00,0.0
1981-01-06 00:00,0.0
1981-01-07 00:00,4.3
1981-01-08 00:00,0.0
1981-01-09 00:00,0.0
1981-01-10 00:00,7.4
1981-01-11 00:00,1.5
1981-01-12 00:00,2.0
1981-01-13 00:00,1.0
1981-01-14 00:00,0.0
1981-01-15 00:00,0.2
1981-01-16 00:00,0.0
1981-01-17 00:00,0.0
1981-01-18 00:00,0.0
1981-01-19 00:00,0.0
1981-01-20 00:00,0.0
1981-01-21 00:00,0.0
1981-01-22 00:00,0.0
1981-01-23 00:00,0.0
1981-01-24 00:00,0.0
1981-01-25 00:00,0.0
1981-01-26 00:00,1.7
1981-01-27 00:00,4.0
1981-01-28 00:00,6.7
1981-01-29 00:00,1.9
1981-01-30 00:00,13.0
1981-01-31 00:00,1.0
1981-02-01 00:00,0.0
1981-02-02 00:00,4.5
1981-02-03 00:00,13.0
1981-02-04 00:00,12.9
1981-02-05 00:00,3.6
1981-02-06 00:00,5.4
1981-02-07 00:00,0.0
1981-02-08 00:00,5.2
1981-02-09 00:00,1.2
1981-02-10 00:00,0.0
1981-02-11 00:00,9.2
1981-02-12 00:00,0.4
1981-02-13 00:00,1.8
1981-02-14 00:00,1.2
1981-02-15 00:00,1.1
1981-02-16 00:00,1.9
1981-02-17 00:00,0.8
1981-02-18 00:00,6.7
1981-02-19 00:00,3.4
1981-02-20 00:00,3.2
1981-02-21 00:00,0.0
1981-02-22 00:00,4.8
1981-02-23 00:00,4.5
1981-02-24 00:00,10.4
1981-02-25 00:00,3.5
1981-02-26 00:00,0.0
1981-02-27 00:00,0.0
1981-02-28 00:00,0.0
1981-03-01 00:00,0.0
1981-03-02 00:00,0.0
1981-03-03 00:00,0.0
1981-03-04 00:00,1.9
1981-03-05 00:00,0.5
1981-03-06 00:00,1.3
1981-03-07 00:00,6.0
1981-03-08 00:00,4.5
1981-03-09 00:00,3.8
1981-03-10 00:00,0.0
1981-03-11 00:00,0.3
1981-03-12 00:00,4.5
1981-03-13 00:00,5.3
1981-03-14 00:00,1.2
1981-03-15 00:00,5.8
1981-03-16 00:00,0.0
1981-03-17 00:00,0.0
1981-03-18 00:00,0.0
1981-03-19 00:00,0.0
1981-03-20 00:00,0.0
1981-03-21 00:00,0.0
1981-03-22 00:00,0.0
1981-03-23 00:00,1.8
1981-03-24 00:00,0.0
1981-03-25 00:00,0.0
1981-03-26 00:00,1.0
1981-03-27 00:00,4.0
1981-03-28 00:00,5.4
1981-03-29 00:00,0.0
1981-03-30 00:00,7.3
1981-03-31 00:00,0.0
1981-04-01 00:00,2.0
1981-04-02 00:00,0.0
1981-04-03 00:00,3.0
1981-04-04 00:00,6.6
1981-04-05 00:00,1.3
1981-04-06 00:00,0.0
1981-04-07 00:00,1.4
1981-04-08 00:00,5.4
1981-04-09 00:00,0.0
1981-04-10 00:00,0.0
1981-04-11 00:00,0.4
1981-04-12 00:00,0.0
1981-04-13 00:00,1.5
1981-04-14 00:00,3.3
1981-04-15 00:00,5.7
1981-04-16 00:00,0.2
1981-04-17 00:00,1.3
1981-04-18 00:00,4.4
1981-04-19 00:00,0.3
1981-04-20 00:00,0.0
1981-04-21 00:00,6.4
1981-04-22 00:00,0.3
1981-04-23 00:00,0.0
1981-04-24 00:00,6.5
1981-04-25 00:00,0.0
1981-04-26 00:00,4.5
1981-04-27 00:00,5.0
1981-04-28 00:00,0.8
1981-04-29 00:00,4.8
1981-04-30 00:00,0.0
1981-05-01 00:00,1.7
1981-05-02 00:00,1.5
1981-05-03 00:00,0.0
1981-05-04 00:00,0.9
1981-05-05 00:00,5.1
1981-05-06 00:00,0.8
1981-05-07 00:00,2.7
1981-05-08 00:00,3.0
1981-05-09 00:00,1.3
1981-05-10 00:00,1.8
1981-05-11 00:00,2.0
1981-05-12 00:00,1.0
1981-05-13 00:00,1.3
1981-05-14 00:00,0.7
1981-05-15 00:00,2.9
1981-05-16 00:00,1.8
1981-05-17 00:00,4.9
1981-05-18 00:00,1.3
1981-05-19 00:00,0.0
1981-05-20 00:00,0.0
1981-05-21 00:00,0.0
1981-05-22 00:00,3.0
1981-05-23 00:00,3.0
1981-05-24 00:00,13.0
1981-05-25 00:00,13.6
1981-05-26 00:00,2.8
1981-05-27 00:00,3.1
1981-05-28 00:00,13.3
1981-05-29 00:00,7.0
1981-05-30 00:00,3.8
1981-05-31 00:00,1.4
1981-06-01 00:00,2.8
1981-06-02 00:00,0.0
1981-06-03 00:00,7.5
1981-06-04 00:00,0.5
1981-06-05 00:00,3.9
1981-06-06 00:00,1.1
1981-06-07 00:00,1.6
1981-06-08 00:00,2.7
1981-06-09 00:00,0.0
1981-06-10 00:00,3.4
1981-06-11 00:00,2.4
1981-06-12 00:00,5.6
1981-06-13 00:00,0.4
1981-06-14 00:00,0.0
1981-06-15 00:00,0.4
1981-06-16 00:00,3.3
1981-06-17 00:00,7.5
1981-06-18 00:00,3.7
1981-06-19 00:00,0.0
1981-06-20 00:00,0.9
1981-06-21 00:00,0.0
1981-06-22 00:00,1.0
1981-06-23 00:00,0.0
1981-06-24 00:00,0.0
1981-06-25 00:00,0.0
1981-06-26 00:00,0.0
1981-06-27 00:00,0.0
1981-06-28 00:00,2.8
1981-06-29 00:00,3.3
1981-06-30 00:00,5.5
1981-07-01 00:00,4.6
1981-07-02 00:00,0.4
1981-07-03 00:00,0.0
1981-07-04 00:00,0.0
1981-07-05 00:00,5.0
1981-07-06 00:00,4.0
1981-07-07 00:00,0.0
1981-07-08 00:00,0.4
1981-07-09 00:00,1.0
1981-07-10 00:00,0.2
1981-07-11 00:00,0.4
1981-07-12 00:00,0.0
1981-07-13 00:00,1.0
1981-07-14 00:00,1.5
1981-07-15 00:00,1.4
1981-07-16 00:00,3.4
1981-07-17 00:00,0.5
1981-07-18 00:00,0.0
1981-07-19 00:00,0.0
1981-07-20 00:00,0.0
1981-07-21 00:00,0.0
1981-07-22 00:00,0.0
1981-07-23 00:00,0.0
1981-07-24 00:00,0.0
1981-07-25 00:00,0.0
1981-07-26 00:00,0.0
1981-07-27 00:00,0.0
1981-07-28 00:00,0.0
1981-07-29 00:00,0.0
1981-07-30 00:00,0.0
1981-07-31 00:00,0.0
1981-08-01 00:00,0.0
1981-08-02 00:00,0.0
1981-08-03 00:00,0.0
1981-08-04 00:00,0.0
1981-08-05 00:00,0.0
1981-08-06 00:00,0.6
1981-08-07 00:00,1.4
1981-08-08 00:00,1.0
1981-08-09 00:00,0.0
1981-08-10 00:00,1.7
1981-08-11 00:00,2.6
1981-08-12 00:00,0.0
1981-08-13 00:00,0.0
1981-08-14 00:00,0.0
1981-08-15 00:00,4.0
1981-08-16 00:00,5.4
1981-08-17 00:00,2.4
1981-08-18 00:00,0.6
1981-08-19 00:00,0.0
1981-08-20 00:00,0.0
1981-08-21 00:00,5.4
1981-08-22 00:00,6.6
1981-08-23 00:00,4.2
1981-08-24 00:00,9.9
1981-08-25 00:00,0.0
1981-08-26 00:00,0.0
1981-08-27 00:00,0.0
1981-08-28 00:00,1.3
1981-08-29 00:00,7.1
1981-08-30 00:00,7.5
1981-08-31 00:00,0.0
1981-09-01 00:00,0.3
1981-09-02 00:00,1.5
1981-09-03 00:00,10.0
1981-09-04 00:00,1.3
1981-09-05 00:00,0.0
1981-09-06 00:00,9.8
1981-09-07 00:00,0.0
1981-09-08 00:00,0.8
1981-09-09 00:00,1.3
1981-09-10 00:00,3.1
1981-09-11 00:00,0.0
1981-09-12 00:00,6.9
1981-09-13 00:00,0.3
1981-09-14 00:00,0.3
1981-09-15 00:00,0.0
1981-09-16 00:00,4.6
1981-09-17 00:00,0.0
1981-09-18 00:00,4.2
1981-09-19 00:00,0.3
1981-09-20 00:00,0.0
1981-09-21 00:00,0.0
1981-09-22 00:00,0.0
1981-09-23 00:00,0.0
1981-09-24 00:00,0.0
1981-09-25 00:00,1.0
1981-09-26 00:00,0.0
1981-09-27 00:00,1.8
1981-09-28 00:00,1.7
1981-09-29 00:00,2.7
1981-09-30 00:00,4.4
1981-10-01 00:00,0.9
1981-10-02 00:00,0.1
1981-10-03 00:00,0.3
1981-10-04 00:00,0.2
1981-10-05 00:00,0.3
1981-10-06 00:00,4.1
1981-10-07 00:00,1.5
1981-10-08 00:00,3.5
1981-10-09 00:00,1.9
1981-10-10 00:00,1.6
1981-10-11 00:00,2.0
1981-10-12 00:00,10.0
1981-10-13 00:00,1.7
1981-10-14 00:00,1.2
1981-10-15 00:00,0.4
1981-10-16 00:00,0.5
1981-10-17 00:00,0.3
1981-10-18 00:00,7.0
1981-10-19 00:00,3.0
1981-10-20 00:00,0.0
1981-10-21 00:00,1.5
1981-10-22 00:00,7.5
1981-10-23 00:00,10.4
1981-10-24 00:00,0.3
1981-10-25 00:00,8.7
1981-10-26 00:00,0.2
1981-10-27 00:00,3.9
1981-10-28 00:00,0.5
1981-10-29 00:00,5.0
1981-10-30 00:00,2.5
1981-10-31 00:00,7.3
1981-11-01 00:00,1.0
1981-11-02 00:00,1.3
1981-11-03 00:00,2.7
1981-11-04 00:00,2.6
1981-11-05 00:00,7.0
1981-11-06 00:00,6.8
1981-11-07 00:00,4.0
1981-11-08 00:00,4.1
1981-11-09 00:00,1.7
1981-11-10 00:00,5.0
1981-11-11 00:00,4.0
1981-11-12 00:00,3.2
1981-11-13 00:00,2.7
1981-11-14 00:00,5.0
1981-11-15 00:00,2.3
1981-11-16 00:00,1.5
1981-11-17 00:00,1.8
1981-11-18 00:00,5.1
1981-11-19 00:00,3.5
1981-11-20 00:00,10.9
1981-11-21 00:00,5.0
1981-11-22 00:00,0.5
1981-11-23 00:00,3.5
1981-11-24 00:00,7.0
1981-11-25 00:00,0.0
1981-11-26 00:00,1.2
1981-11-27 00:00,0.6
1981-11-28 00:00,0.7
1981-11-29 00:00,1.5
1981-11-30 00:00,2.0
1981-12-01 00:00,4.0
1981-12-02 00:00,0.0
1981-12-03 00:00,4.4
1981-12-04 00:00,8.4
1981-12-05 00:00,2.3
1981-12-06 00:00,2.1
1981-12-07 00:00,2.0
1981-12-08 00:00,0.0
1981-12-09 00:00,0.1
1981-12-10 00:00,8.0
1981-12-11 00:00,8.0
1981-12-12 00:00,9.5
1981-12-13 00:00,0.1
1981-12-14 00:00,6.8
1981-12-15 00:00,0.8
1981-12-16 00:00,5.5
1981-12-17 00:00,2.2
1981-12-18 00:00,4.5
1981-12-19 00:00,1.8
1981-12-20 00:00,5.2
1981-12-21 00:00,0.1
1981-12-22 00:00,1.8
1981-12-23 00:00,0.7
1981-12-24 00:00,4.0
1981-12-25 00:00,14.9
1981-12-26 00:00,1.3
1981-12-27 00:00,5.8
1981-12-28 00:00,0.9
1981-12-29 00:00,2.0
1981-12-30 00:00,0.9
1981-12-31 00:00,1.5
1982-01-01 00:00,0.0
1982-01-02 00:00,46.0
1982-01-03 00:00,22.0
1982-01-04 00:00,85.0
1982-01-05 00:00,15.0
1982-01-06 00:00,30.0
1982-01-07 00:00,0.0
1982-01-08 00:00,51.0
1982-01-09 00:00,13.0
1982-01-10 00:00,76.0
1982-01-11 00:00,66.0
1982-01-12 00:00,10.0
1982-01-13 00:00,31.0
1982-01-14 00:00,13.0
1982-01-15 00:00,60.0
1982-01-16 00:00,0.0
1982-01-17 00:00,0.0
1982-01-18 00:00,0.0
1982-01-19 00:00,0.0
1982-01-20 00:00,28.0
1982-01-21 00:00,4.0
1982-01-22 00:00,0.0
1982-01-23 00:00,0.0
1982-01-24 00:00,1.0
1982-01-25 00:00,0.0
1982-01-26 00:00,14.0
1982-01-27 00:00,13.0
1982-01-28 00:00,2.0
1982-01-29 00:00,120.0
1982-01-30 00:00,140.0
1982-01-31 00:00,15.0
1982-02-01 00:00,0.0
1982-02-02 00:00,15.0
1982-02-03 00:00,25.0
1982-02-04 00:00,40.0
1982-02-05 00:00,36.0
1982-02-06 00:00,40.0
1982-02-07 00:00,4.0
1982-02-08 00:00,55.0
1982-02-09 00:00,23.0
1982-02-10 00:00,15.0
1982-02-11 00:00,4.0
1982-02-12 00:00,20.0
1982-02-13 00:00,10.0
1982-02-14 00:00,8.0
1982-02-15 00:00,60.0
1982-02-16 00:00,30.0
1982-02-17 00:00,10.0
1982-02-18 00:00,53.0
1982-02-19 00:00,62.0
1982-02-20 00:00,74.0
1982-02-21 00:00,5.0
1982-02-22 00:00,10.0
1982-02-23 00:00,12.0
1982-02-24 00:00,75.0
1982-02-25 00:00,109.0
1982-02-26 00:00,40.0
1982-02-27 00:00,15.0
1982-02-28 00:00,45.0
1982-03-01 00:00,15.0
1982-03-02 00:00,3.0
1982-03-03 00:00,0.0
1982-03-04 00:00,0.0
1982-03-05 00:00,0.0
1982-03-06 00:00,0.0
1982-03-07 00:00,0.0
1982-03-08 00:00,0.0
1982-03-09 00:00,1.0
1982-03-10 00:00,2.0
1982-03-11 00:00,13.0
1982-03-12 00:00,10.0
1982-03-13 00:00,12.0
1982-03-14 00:00,0.0
1982-03-15 00:00,0.0
1982-03-16 00:00,0.0
1982-03-17 00:00,0.0
1982-03-18 00:00,0.0
1982-03-19 00:00,0.0
1982-03-20 00:00,0.0
1982-03-21 00:00,0.0
1982-03-22 00:00,0.0
1982-03-23 00:00,5.0
1982-03-24 00:00,40.0
1982-03-25 00:00,13.0
1982-03-26 00:00,8.0
1982-03-27 00:00,0.0
1982-03-28 00:00,20.0
1982-03-29 00:00,0.0
1982-03-30 00:00,20.0
1982-03-31 00:00,8.0
1982-04-01 00:00,62.0
1982-04-02 00:00,7.0
1982-04-03 00:00,83.0
1982-04-04 00:00,15.0
1982-04-05 00:00,56.0
1982-04-06 00:00,28.0
1982-04-07 00:00,61.0
1982-04-08 00:00,33.0
1982-04-09 00:00,62.0
1982-04-10 00:00,3.0
1982-04-11 00:00,63.0
1982-04-12 00:00,53.0
1982-04-13 00:00,45.0
1982-04-14 00:00,22.0
1982-04-15 00:00,30.0
1982-04-16 00:00,45.0
1982-04-17 00:00,25.0
1982-04-18 00:00,20.0
1982-04-19 00:00,18.0
1982-04-20 00:00,63.0
1982-04-21 00:00,25.0
1982-04-22 00:00,15.0
1982-04-23 00:00,0.0
1982-04-24 00:00,0.0
1982-04-25 00:00,0.0
1982-04-26 00:00,0.0
1982-04-27 00:00,55.0
1982-04-28 00:00,10.0
1982-04-29 00:00,16.0
1982-04-30 00:00,10.0
1982-05-01 00:00,55.0
1982-05-02 00:00,0.0
1982-05-03 00:00,27.0
1982-05-04 00:00,45.0
1982-05-05 00:00,22.0
1982-05-06 00:00,9.0
1982-05-07 00:00,114.0
1982-05-08 00:00,12.0
1982-05-09 00:00,43.0
1982-05-10 00:00,0.0
1982-05-11 00:00,60.0
1982-05-12 00:00,25.0
1982-05-13 00:00,0.0
1982-05-14 00:00,26.0
1982-05-15 00:00,114.0
1982-05-16 00:00,0.0
1982-05-17 00:00,55.0
1982-05-18 00:00,0.0
1982-05-19 00:00,10.0
1982-05-20 00:00,74.0
1982-05-21 00:00,16.0
1982-05-22 00:00,49.0
1982-05-23 00:00,3.0
1982-05-24 00:00,104.0
1982-05-25 00:00,23.0
1982-05-26 00:00,35.0
1982-05-27 00:00,15.0
1982-05-28 00:00,18.0
1982-05-29 00:00,13.0
1982-05-30 00:00,0.0
1982-05-31 00:00,0.0
1982-06-01 00:00,0.0
1982-06-02 00:00,0.0
1982-06-03 00:00,4.0
1982-06-04 00:00,10.0
1982-06-05 00:00,4.0
1982-06-06 00:00,0.0
1982-06-07 00:00,0.0
1982-06-08 00:00,0.0
1982-06-09 00:00,58.0
1982-06-10 00:00,0.0
1982-06-11 00:00,13.0
1982-06-12 00:00,3.0
1982-06-13 00:00,5.0
1982-06-14 00:00,15.0
1982-06-15 00:00,20.0
1982-06-16 00:00,0.0
1982-06-17 00:00,0.0
1982-06-18 00:00,0.0
1982-06-19 00:00,50.0
1982-06-20 00:00,0.0
1982-06-21 00:00,0.0
1982-06-22 00:00,0.0
1982-06-23 00:00,0.0
1982-06-24 00:00,0.0
1982-06-25 00:00,0.0
1982-06-26 00:00,15.0
1982-06-27 00:00,0.0
1982-06-28 00:00,0.0
1982-06-29 00:00,0.0
1982-06-30 00:00,0.0
1982-07-01 00:00,0.0
1982-07-02 00:00,0.0
1982-07-03 00:00,0.0
1982-07-04 00:00,1.0
1982-07-05 00:00,0.0
1982-07-06 00:00,0.0
1982-07-07 00:00,0.0
1982-07-08 00:00,10.0
1982-07-09 00:00,0.0
1982-07-10 00:00,0.0
1982-07-11 00:00,0.0
1982-07-12 00:00,0.0
1982-07-13 00:00,0.0
1982-07-14 00:00,0.0
1982-07-15 00:00,0.0
1982-07-16 00:00,0.0
1982-07-17 00:00,0.0
1982-07-18 00:00,0.0
1982-07-19 00:00,22.0
1982-07-20 00:00,0.0
1982-07-21 00:00,0.0
1982-07-22 00:00,0.0
1982-07-23 00:00,0.0
1982-07-24 00:00,0.0
1982-07-25 00:00,0.0
1982-07-26 00:00,10.0
1982-07-27 00:00,13.0
1982-07-28 00:00,18.0
1982-07-29 00:00,0.0
1982-07-30 00:00,3.0
1982-07-31 00:00,0.0
1982-08-01 00:00,0.0
1982-08-02 00:00,0.0
1982-08-03 00:00,0.0
1982-08-04 00:00,0.0
1982-08-05 00:00,24.0
1982-08-06 00:00,5.0
1982-08-07 00:00,3.0
1982-08-08 00:00,0.0
1982-08-09 00:00,0.0
1982-08-10 00:00,0.0
1982-08-11 00:00,0.0
1982-08-12 00:00,0.0
1982-08-13 00:00,0.0
1982-08-14 00:00,0.0
1982-08-15 00:00,13.0
1982-08-16 00:00,0.0
1982-08-17 00:00,0.0
1982-08-18 00:00,0.0
1982-08-19 00:00,0.0
1982-08-20 00:00,0.0
1982-08-21 00:00,0.0
1982-08-22 00:00,0.0
1982-08-23 00:00,0.0
1982-08-24 00:00,0.0
1982-08-25 00:00,0.0
1982-08-26 00:00,0.0
1982-08-27 00:00,0.0
1982-08-28 00:00,0.0
1982-08-29 00:00,0.0
1982-08-30 00:00,0.0
1982-08-31 00:00,0.0
1982-09-01 00:00,0.0
1982-09-02 00:00,0.0
1982-09-03 00:00,0.0
1982-09-04 00:00,0.0
1982-09-05 00:00,0.0
1982-09-06 00:00,0.0
1982-09-07 00:00,15.0
1982-09-08 00:00,59.0
1982-09-09 00:00,0.0
1982-09-10 00:00,67.0
1982-09-11 00:00,54.0
1982-09-12 00:00,37.0
1982-09-13 00:00,15.0
1982-09-14 00:00,7.0
1982-09-15 00:00,76.0
1982-09-16 00:00,9.0
1982-09-17 00:00,7.0
1982-09-18 00:00,0.0
1982-09-19 00:00,0.0
1982-09-20 00:00,0.0
1982-09-21 00:00,0.0
1982-09-22 00:00,0.0
1982-09-23 00:00,0.0
1982-09-24 00:00,67.0
1982-09-25 00:00,55.0
1982-09-26 00:00,23.0
1982-09-27 00:00,12.0
1982-09-28 00:00,21.0
1982-09-29 00:00,11.0
1982-09-30 00:00,68.0
1982-10-01 00:00,5.0
1982-10-02 00:00,7.0
1982-10-03 00:00,37.0
1982-10-04 00:00,25.0
1982-10-05 00:00,0.0
1982-10-06 00:00,0.0
1982-10-07 00:00,70.0
1982-10-08 00:00,15.0
1982-10-09 00:00,136.0
1982-10-10 00:00,10.0
1982-10-11 00:00,10.0
1982-10-12 00:00,22.0
1982-10-13 00:00,19.0
1982-10-14 00:00,26.0
1982-10-15 00:00,0.0
1982-10-16 00:00,13.0
1982-10-17 00:00,37.0
1982-10-18 00:00,79.0
1982-10-19 00:00,0.0
1982-10-20 00:00,85.0
1982-10-21 00:00,10.0
1982-10-22 00:00,40.0
1982-10-23 00:00,15.0
1982-10-24 00:00,10.0
1982-10-25 00:00,8.0
1982-10-26 00:00,7.0
1982-10-27 00:00,20.0
1982-10-28 00:00,11.0
1982-10-29 00:00,13.0
1982-10-30 00:00,4.0
1982-10-31 00:00,2.0
1982-11-01 00:00,6.0
1982-11-02 00:00,23.0
1982-11-03 00:00,60.0
1982-11-04 00:00,41.0
1982-11-05 00:00,23.0
1982-11-06 00:00,0.0
1982-11-07 00:00,32.0
1982-11-08 00:00,0.0
1982-11-09 00:00,8.0
1982-11-10 00:00,40.0
1982-11-11 00:00,70.0
1982-11-12 00:00,0.0
1982-11-13 00:00,0.0
1982-11-14 00:00,0.0
1982-11-15 00:00,15.0
1982-11-16 00:00,32.0
1982-11-17 00:00,27.0
1982-11-18 00:00,0.0
1982-11-19 00:00,130.0
1982-11-20 00:00,0.0
1982-11-21 00:00,55.0
1982-11-22 00:00,86.0
1982-11-23 00:00,85.0
1982-11-24 00:00,4.0
1982-11-25 00:00,0.0
1982-11-26 00:00,7.0
1982-11-27 00:00,6.0
1982-11-28 00:00,23.0
1982-11-29 00:00,13.0
1982-11-30 00:00,3.0
1982-12-01 00:00,0.0
1982-12-02 00:00,15.0
1982-12-03 00:00,10.0
1982-12-04 00:00,4.0
1982-12-05 00:00,24.0
1982-12-06 00:00,35.0
1982-12-07 00:00,90.0
1982-12-08 00:00,10.0
1982-12-09 00:00,1.0
1982-12-10 00:00,15.0
1982-12-11 00:00,79.0
1982-12-12 00:00,60.0
1982-12-13 00:00,15.0
1982-12-14 00:00,18.0
1982-12-15 00:00,10.0
1982-12-16 00:00,30.0
1982-12-17 00:00,13.0
1982-12-18 00:00,45.0
1982-12-19 00:00,0.0
1982-12-20 00:00,10.0
1982-12-21 00:00,88.0
1982-12-22 00:00,0.0
1982-12-23 00:00,110.0
1982-12-24 00:00,10.0
1982-12-25 00:00,0.0
1982-12-26 00:00,16.0
1982-12-27 00:00,15.0
1982-12-28 00:00,3.0
1982-12-29 00:00,0.0
1982-12-30 00:00,0.0
1982-12-31 00:00,0.0
1983-01-01 00:00,148.0
1983-01-02 00:00,5.0
1983-01-03 00:00,0.0
1983-01-04 00:00,0.0
1983-01-05 00:00,35.0
1983-01-06 00:00,15.0
1983-01-07 00:00,0.0
1983-01-08 00:00,0.0
1983-01-09 00:00,15.0
1983-01-10 00:00,0.0
1983-01-11 00:00,0.0
1983-01-12 00:00,0.0
1983-01-13 00:00,20.0
1983-01-14 00:00,3.0
1983-01-15 00:00,10.0
1983-01-16 00:00,100.0
1983-01-17 00:00,6.0
1983-01-18 00:00,10.0
1983-01-19 00:00,0.0
1983-01-20 00:00,0.0
1983-01-21 00:00,0.0
1983-01-22 00:00,0.0
1983-01-23 00:00,60.0
1983-01-24 00:00,25.0
1983-01-25 00:00,0.0
1983-01-26 00:00,30.0
1983-01-27 00:00,0.0
1983-01-28 00:00,0.0
1983-01-29 00:00,0.0
1983-01-30 00:00,0.0
1983-02-01 00:00,0.0
1983-02-02 00:00,0.0
1983-02-03 00:00,100.0
1983-02-04 00:00,35.0
1983-02-05 00:00,18.0
1983-02-06 00:00,12.0
1983-02-07 00:00,6.0
1983-02-08 00:00,0.0
1983-02-09 00:00,0.0
1983-02-10 00:00,0.0
1983-02-11 00:00,1.0
1983-02-12 00:00,3.0
1983-02-13 00:00,28.0
1983-02-14 00:00,10.0
1983-02-15 00:00,0.0
1983-02-16 00:00,0.0
1983-02-17 00:00,5.0
1983-02-18 00:00,20.0
1983-02-19 00:00,15.0
1983-02-20 00:00,8.0
1983-02-21 00:00,20.0
1983-02-22 00:00,90.0
1983-02-23 00:00,0.0
1983-02-24 00:00,0.0
1983-02-25 00:00,0.0
1983-02-26 00:00,0.0
1983-02-27 00:00,22.0
1983-02-28 00:00,0.0
1983-03-01 00:00,49.0
1983-03-02 00:00,15.0
1983-03-03 00:00,3.0
1983-03-04 00:00,50.0
1983-03-05 00:00,28.0
1983-03-06 00:00,25.0
1983-03-07 00:00,2.0
1983-03-08 00:00,20.0
1983-03-09 00:00,2.0
1983-03-10 00:00,31.0
1983-03-11 00:00,5.0
1983-03-12 00:00,5.0
1983-03-13 00:00,0.0
1983-03-14 00:00,0.0
1983-03-15 00:00,0.0
1983-03-16 00:00,0.0
1983-03-17 00:00,31.0
1983-03-18 00:00,0.0
1983-03-19 00:00,0.0
1983-03-20 00:00,0.0
1983-03-21 00:00,9.0
1983-03-22 00:00,6.0
1983-03-23 00:00,35.0
1983-03-24 00:00,4.0
1983-03-25 00:00,39.0
1983-03-26 00:00,53.0
1983-03-27 00:00,0.0
1983-03-28 00:00,16.0
1983-03-29 00:00,45.0
1983-03-30 00:00,0.0
1983-03-31 00:00,0.0
1983-04-01 00:00,35.0
1983-04-02 00:00,0.0
1983-04-03 00:00,0.0
1983-04-04 00:00,14.0
1983-04-05 00:00,43.0
1983-04-06 00:00,110.0
1983-04-07 00:00,35.0
1983-04-08 00:00,10.0
1983-04-09 00:00,10.0
1983-04-10 00:00,22.0
1983-04-11 00:00,9.0
1983-04-12 00:00,24.0
1983-04-13 00:00,41.0
1983-04-14 00:00,10.0
1983-04-15 00:00,0.0
1983-04-16 00:00,30.0
1983-04-17 00:00,109.0
1983-04-18 00:00,89.0
1983-04-19 00:00,3.0
1983-04-20 00:00,92.0
1983-04-21 00:00,14.0
1983-04-22 00:00,40.0
1983-04-23 00:00,32.0
1983-04-24 00:00,0.0
1983-04-25 00:00,30.0
1983-04-26 00:00,5.0
1983-04-27 00:00,80.0
1983-04-28 00:00,74.0
1983-04-29 00:00,23.0
1983-04-30 00:00,0.0
1983-05-01 00:00,108.0
1983-05-02 00:00,25.0
1983-05-03 00:00,75.0
1983-05-04 00:00,0.0
1983-05-05 00:00,26.0
1983-05-06 00:00,0.0
1983-05-07 00:00,1.0
1983-05-08 00:00,0.0
1983-05-09 00:00,0.0
1983-05-10 00:00,0.0
1983-05-11 00:00,0.0
1983-05-12 00:00,0.0
1983-05-13 00:00,9.0
1983-05-14 00:00,0.0
1983-05-15 00:00,83.0
1983-05-16 00:00,4.0
1983-05-17 00:00,10.0
1983-05-18 00:00,2.0
1983-05-19 00:00,42.0
1983-05-20 00:00,22.0
1983-05-21 00:00,45.0
1983-05-22 00:00,10.0
1983-05-23 00:00,5.0
1983-05-24 00:00,0.0
1983-05-25 00:00,40.0
1983-05-26 00:00,15.0
1983-05-27 00:00,12.0
1983-05-28 00:00,8.0
1983-05-29 00:00,43.0
1983-05-30 00:00,5.0
1983-05-31 00:00,1.0
1983-06-01 00:00,0.0
1983-06-02 00:00,0.0
1983-06-03 00:00,0.0
1983-06-04 00:00,101.0
1983-06-05 00:00,0.0
1983-06-06 00:00,0.0
1983-06-07 00:00,25.0
1983-06-08 00:00,13.0
1983-06-09 00:00,5.0
1983-06-10 00:00,10.0
1983-06-11 00:00,10.0
1983-06-12 00:00,0.0
1983-06-13 00:00,3.0
1983-06-14 00:00,0.0
1983-06-15 00:00,0.0
1983-06-16 00:00,1.0
1983-06-17 00:00,0.0
1983-06-18 00:00,0.0
1983-06-19 00:00,0.0
1983-06-20 00:00,0.0
1983-06-21 00:00,0.0
1983-06-22 00:00,17.0
1983-06-23 00:00,0.0
1983-06-24 00:00,0.0
1983-06-25 00:00,0.0
1983-06-26 00:00,0.0
1983-06-27 00:00,0.0
1983-06-28 00:00,0.0
1983-06-29 00:00,0.0
1983-06-30 00:00,0.0
1983-07-01 00:00,0.0
1983-07-02 00:00,4.0
1983-07-03 00:00,0.0
1983-07-04 00:00,1.0
1983-07-05 00:00,0.0
1983-07-06 00:00,3.0
1983-07-07 00:00,72.0
1983-07-08 00:00,16.0
1983-07-09 00:00,20.0
1983-07-10 00:00,0.0
1983-07-11 00:00,70.0
1983-07-12 00:00,20.0
1983-07-13 00:00,0.0
1983-07-14 00:00,6.0
1983-07-15 00:00,0.0
1983-07-16 00:00,25.0
1983-07-17 00:00,5.0
1983-07-18 00:00,0.0
1983-07-19 00:00,0.0
1983-07-20 00:00,0.0
1983-07-21 00:00,0.0
1983-07-22 00:00,10.0
1983-07-23 00:00,7.0
1983-07-24 00:00,0.0
1983-07-25 00:00,0.0
1983-07-26 00:00,0.0
1983-07-27 00:00,0.0
1983-07-28 00:00,23.0
1983-07-29 00:00,21.0
1983-07-30 00:00,2.0
1983-07-31 00:00,0.0
1983-08-01 00:00,0.0
1983-08-02 00:00,0.0
1983-08-03 00:00,3.0
1983-08-04 00:00,3.0
1983-08-05 00:00,0.0
1983-08-06 00:00,7.0
1983-08-07 00:00,1.0
1983-08-08 00:00,0.0
1983-08-09 00:00,0.0
1983-08-10 00:00,0.0
1983-08-11 00:00,8.0
1983-08-12 00:00,0.0
1983-08-13 00:00,0.0
1983-08-14 00:00,0.0
1983-08-15 00:00,0.0
1983-08-16 00:00,0.0
1983-08-17 00:00,0.0
1983-08-18 00:00,0.0
1983-08-19 00:00,0.0
1983-08-20 00:00,0.0
1983-08-21 00:00,13.0
1983-08-22 00:00,0.0
1983-08-23 00:00,20.0
1983-08-24 00:00,1.0
1983-08-25 00:00,16.0
1983-08-26 00:00,25.0
1983-08-27 00:00,58.0
1983-08-28 00:00,18.0
1983-08-29 00:00,0.0
1983-08-30 00:00,0.0
1983-08-31 00:00,1.0
1983-09-01 00:00,13.0
1983-09-02 00:00,10.0
1983-09-03 00:00,10.0
1983-09-04 00:00,7.0
1983-09-05 00:00,10.0
1983-09-06 00:00,90.0
1983-09-07 00:00,13.0
1983-09-08 00:00,12.0
1983-09-09 00:00,0.0
1983-09-10 00:00,2.0
1983-09-11 00:00,0.0
1983-09-12 00:00,0.0
1983-09-13 00:00,92.0
1983-09-14 00:00,10.0
1983-09-15 00:00,2.0
1983-09-16 00:00,10.0
1983-09-17 00:00,12.0
1983-09-18 00:00,1.0
1983-09-19 00:00,2.0
1983-09-20 00:00,45.0
1983-09-21 00:00,46.0
1983-09-22 00:00,2.0
1983-09-23 00:00,3.0
1983-09-24 00:00,13.0
1983-09-25 00:00,91.0
1983-09-26 00:00,12.0
1983-09-27 00:00,10.0
1983-09-28 00:00,0.0
1983-09-29 00:00,20.0
1983-09-30 00:00,0.0
1983-10-01 00:00,3.0
1983-10-02 00:00,1.0
1983-10-03 00:00,22.0
1983-10-04 00:00,8.0
1983-10-05 00:00,0.0
1983-10-06 00:00,0.0
1983-10-07 00:00,0.0
1983-10-08 00:00,0.0
1983-10-09 00:00,19.0
1983-10-10 00:00,13.0
1983-10-11 00:00,1.0
1983-10-12 00:00,20.0
1983-10-13 00:00,2.0
1983-10-14 00:00,13.0
1983-10-15 00:00,68.0
1983-10-16 00:00,12.0
1983-10-17 00:00,35.0
1983-10-18 00:00,145.0
1983-10-19 00:00,33.0
1983-10-20 00:00,46.0
1983-10-21 00:00,19.0
1983-10-22 00:00,43.0
1983-10-23 00:00,3.0
1983-10-24 00:00,48.0
1983-10-25 00:00,80.0
1983-10-26 00:00,15.0
1983-10-27 00:00,0.0
1983-10-28 00:00,21.0
1983-10-29 00:00,45.0
1983-10-30 00:00,60.0
1983-10-31 00:00,26.0
1983-11-01 00:00,0.0
1983-11-02 00:00,12.0
1983-11-03 00:00,3.0
1983-11-04 00:00,40.0
1983-11-05 00:00,4.0
1983-11-06 00:00,29.0
1983-11-07 00:00,0.0
1983-11-08 00:00,17.0
1983-11-09 00:00,6.0
1983-11-10 00:00,16.0
1983-11-11 00:00,35.0
1983-11-12 00:00,13.0
1983-11-13 00:00,35.0
1983-11-14 00:00,5.0
1983-11-15 00:00,13.0
1983-11-16 00:00,2.0
1983-11-17 00:00,62.0
1983-11-18 00:00,2.0
1983-11-19 00:00,0.0
1983-11-20 00:00,0.0
1983-11-21 00:00,2.0
1983-11-22 00:00,19.0
1983-11-23 00:00,35.0
1983-11-24 00:00,17.0
1983-11-25 00:00,0.0
1983-11-26 00:00,0.0
1983-11-27 00:00,2.0
1983-11-28 00:00,20.0
1983-11-29 00:00,13.0
1983-11-30 00:00,64.0
1983-12-01 00:00,0.0
1983-12-02 00:00,3.0
1983-12-03 00:00,40.0
1983-12-04 00:00,32.0
1983-12-05 00:00,56.0
1983-12-06 00:00,45.0
1983-12-07 00:00,10.0
1983-12-08 00:00,101.0
1983-12-09 00:00,8.0
1983-12-10 00:00,36.0
1983-12-11 00:00,26.0
1983-12-12 00:00,43.0
1983-12-13 00:00,8.0
1983-12-14 00:00,0.0
1983-12-15 00:00,2.0
1983-12-16 00:00,50.0
1983-12-17 00:00,20.0
1983-12-18 00:00,30.0
1983-12-19 00:00,66.0
1983-12-20 00:00,4.0
1983-12-21 00:00,15.0
1983-12-22 00:00,1.0
1983-12-23 00:00,0.0
1983-12-24 00:00,0.0
1983-12-25 00:00,37.0
1983-12-26 00:00,4.0
1983-12-27 00:00,40.0
1983-12-28 00:00,6.0
1983-12-29 00:00,50.0
1983-12-30 00:00,89.0
1983-12-31 00:00,44.0
1984-01-01 00:00,20.0
1984-01-02 00:00,60.0
1984-01-03 00:00,60.0
1984-01-04 00:00,28.0
1984-01-05 00:00,3.0
1984-01-06 00:00,12.0
1984-01-07 00:00,13.0
1984-01-08 00:00,32.0
1984-01-09 00:00,70.0
1984-01-10 00:00,0.0
1984-01-11 00:00,20.0
1984-01-12 00:00,0.0
1984-01-13 00:00,120.0
1984-01-14 00:00,160.0
1984-01-15 00:00,17.0
1984-01-16 00:00,5.0
1984-01-17 00:00,10.0
1984-01-18 00:00,0.0
1984-01-19 00:00,9.0
1984-01-20 00:00,45.0
1984-01-21 00:00,11.0
1984-01-22 00:00,0.0
1984-01-23 00:00,18.0
1984-01-24 00:00,1.0
1984-01-25 00:00,6.0
1984-01-26 00:00,0.0
1984-01-27 00:00,25.0
1984-01-28 00:00,10.0
1984-01-29 00:00,0.0
1984-01-30 00:00,1.0
1984-01-31 00:00,6.0
1984-02-01 00:00,111.0
1984-02-02 00:00,54.0
1984-02-03 00:00,0.0
1984-02-04 00:00,9.0
1984-02-05 00:00,11.0
1984-02-06 00:00,34.0
1984-02-07 00:00,34.0
1984-02-08 00:00,102.0
1984-02-09 00:00,54.0
1984-02-10 00:00,12.0
1984-02-11 00:00,0.0
1984-02-12 00:00,42.0
1984-02-13 00:00,71.0
1984-02-14 00:00,3.0
1984-02-15 00:00,31.0
1984-02-16 00:00,27.0
1984-02-17 00:00,6.0
1984-02-18 00:00,4.0
1984-02-19 00:00,23.0
1984-02-20 00:00,8.0
1984-02-21 00:00,10.0
1984-02-22 00:00,1.0
1984-02-23 00:00,0.0
1984-02-24 00:00,0.0
1984-02-25 00:00,47.0
1984-02-26 00:00,20.0
1984-02-27 00:00,5.0
1984-02-28 00:00,0.0
1984-02-29 00:00,22.0
1984-03-01 00:00,44.0
1984-03-02 00:00,94.0
1984-03-03 00:00,45.0
1984-03-04 00:00,0.0
1984-03-05 00:00,2.0
1984-03-06 00:00,153.0
1984-03-07 00:00,25.0
1984-03-08 00:00,2.0
1984-03-09 00:00,0.0
1984-03-10 00:00,3.0
1984-03-11 00:00,0.0
1984-03-12 00:00,0.0
1984-03-13 00:00,0.0
1984-03-14 00:00,2.0
1984-03-15 00:00,3.0
1984-03-16 00:00,0.0
1984-03-17 00:00,104.0
1984-03-18 00:00,11.0
1984-03-19 00:00,2.0
1984-03-20 00:00,28.0
1984-03-21 00:00,4.0
1984-03-22 00:00,28.0
1984-03-23 00:00,12.0
1984-03-24 00:00,0.0
1984-03-25 00:00,120.0
1984-03-26 00:00,19.0
1984-03-27 00:00,8.0
1984-03-28 00:00,13.0
1984-03-29 00:00,25.0
1984-03-30 00:00,12.0
1984-03-31 00:00,0.0
1984-04-01 00:00,44.0
1984-04-02 00:00,94.0
1984-04-03 00:00,45.0
1984-04-04 00:00,0.0
1984-04-05 00:00,2.0
1984-04-06 00:00,153.0
1984-04-07 00:00,25.0
1984-04-08 00:00,2.0
1984-04-09 00:00,0.0
1984-04-10 00:00,3.0
1984-04-11 00:00,0.0
1984-04-12 00:00,0.0
1984-04-13 00:00,0.0
1984-04-14 00:00,2.0
1984-04-15 00:00,3.0
1984-04-16 00:00,0.0
1984-04-17 00:00,104.0
1984-04-18 00:00,11.0
1984-04-19 00:00,2.0
1984-04-20 00:00,28.0
1984-04-21 00:00,4.0
1984-04-22 00:00,28.0
1984-04-23 00:00,12.0
1984-04-24 00:00,0.0
1984-04-25 00:00,120.0
1984-04-26 00:00,19.0
1984-04-27 00:00,8.0
1984-04-28 00:00,13.0
1984-04-29 00:00,25.0
1984-04-30 00:00,12.0
1984-05-01 00:00,2.0
1984-05-02 00:00,0.0
1984-05-03 00:00,2.0
1984-05-04 00:00,0.0
1984-05-05 00:00,19.0
1984-05-06 00:00,10.0
1984-05-07 00:00,45.0
1984-05-08 00:00,87.0
1984-05-09 00:00,0.0
1984-05-10 00:00,18.0
1984-05-11 00:00,8.0
1984-05-12 00:00,30.0
1984-05-13 00:00,73.0
1984-05-14 00:00,103.0
1984-05-15 00:00,15.0
1984-05-16 00:00,38.0
1984-05-17 00:00,40.0
1984-05-18 00:00,12.0
1984-05-19 00:00,13.0
1984-05-20 00:00,0.0
1984-05-21 00:00,3.0
1984-05-22 00:00,8.0
1984-05-23 00:00,17.0
1984-05-24 00:00,21.0
1984-05-25 00:00,13.0
1984-05-26 00:00,16.0
1984-05-27 00:00,79.0
1984-05-28 00:00,30.0
1984-05-29 00:00,25.0
1984-05-30 00:00,30.0
1984-05-31 00:00,17.0
1984-06-01 00:00,14.0
1984-06-02 00:00,15.0
1984-06-03 00:00,30.0
1984-06-04 00:00,35.0
1984-06-05 00:00,0.0
1984-06-06 00:00,45.0
1984-06-07 00:00,28.0
1984-06-08 00:00,13.0
1984-06-09 00:00,0.0
1984-06-10 00:00,0.0
1984-06-11 00:00,45.0
1984-06-12 00:00,0.0
1984-06-13 00:00,2.0
1984-06-14 00:00,3.0
1984-06-15 00:00,8.0
1984-06-16 00:00,0.0
1984-06-17 00:00,0.0
1984-06-18 00:00,81.0
1984-06-19 00:00,0.0
1984-06-20 00:00,0.0
1984-06-21 00:00,0.0
1984-06-22 00:00,1.0
1984-06-23 00:00,4.0
1984-06-24 00:00,0.0
1984-06-25 00:00,26.0
1984-06-26 00:00,35.0
1984-06-27 00:00,0.0
1984-06-28 00:00,25.0
1984-06-29 00:00,10.0
1984-06-30 00:00,48.0
1984-07-01 00:00,50.0
1984-07-02 00:00,13.0
1984-07-03 00:00,33.0
1984-07-04 00:00,125.0
1984-07-05 00:00,23.0
1984-07-06 00:00,3.0
1984-07-07 00:00,8.0
1984-07-08 00:00,15.0
1984-07-09 00:00,23.0
1984-07-10 00:00,1.0
1984-07-11 00:00,31.0
1984-07-12 00:00,1.0
1984-07-13 00:00,9.0
1984-07-14 00:00,8.0
1984-07-15 00:00,14.0
1984-07-16 00:00,0.0
1984-07-17 00:00,0.0
1984-07-18 00:00,0.0
1984-07-19 00:00,0.0
1984-07-20 00:00,0.0
1984-07-21 00:00,56.0
1984-07-22 00:00,3.0
1984-07-23 00:00,75.0
1984-07-24 00:00,5.0
1984-07-25 00:00,2.0
1984-07-26 00:00,0.0
1984-07-27 00:00,0.0
1984-07-28 00:00,0.0
1984-07-29 00:00,0.0
1984-07-30 00:00,0.0
1984-07-31 00:00,4.0
1984-08-01 00:00,53.0
1984-08-02 00:00,14.0
1984-08-03 00:00,19.0
1984-08-04 00:00,0.0
1984-08-05 00:00,0.0
1984-08-06 00:00,0.0
1984-08-07 00:00,0.0
1984-08-08 00:00,20.0
1984-08-09 00:00,3.0
1984-08-10 00:00,55.0
1984-08-11 00:00,13.0
1984-08-12 00:00,0.0
1984-08-13 00:00,0.0
1984-08-14 00:00,0.0
1984-08-15 00:00,0.0
1984-08-16 00:00,6.0
1984-08-17 00:00,70.0
1984-08-18 00:00,0.0
1984-08-19 00:00,120.0
1984-08-20 00:00,14.0
1984-08-21 00:00,42.0
1984-08-22 00:00,0.0
1984-08-23 00:00,30.0
1984-08-24 00:00,52.0
1984-08-25 00:00,0.0
1984-08-26 00:00,0.0
1984-08-27 00:00,0.0
1984-08-28 00:00,0.0
1984-08-29 00:00,0.0
1984-08-30 00:00,0.0
1984-08-31 00:00,0.0
1984-09-01 00:00,0.0
1984-09-02 00:00,0.0
1984-09-03 00:00,5.0
1984-09-04 00:00,1.0
1984-09-05 00:00,30.0
1984-09-06 00:00,40.0
1984-09-07 00:00,25.0
1984-09-08 00:00,36.0
1984-09-09 00:00,20.0
1984-09-10 00:00,19.0
1984-09-11 00:00,8.0
1984-09-12 00:00,70.0
1984-09-13 00:00,21.0
1984-09-14 00:00,30.0
1984-09-15 00:00,88.0
1984-09-16 00:00,55.0
1984-09-17 00:00,111.0
1984-09-18 00:00,86.0
1984-09-19 00:00,12.0
1984-09-20 00:00,67.0
1984-09-21 00:00,43.0
1984-09-22 00:00,24.0
1984-09-23 00:00,34.0
1984-09-24 00:00,12.0
1984-09-25 00:00,30.0
1984-09-26 00:00,65.0
1984-09-27 00:00,0.0
1984-09-28 00:00,0.0
1984-09-29 00:00,20.0
1984-09-30 00:00,60.0
1984-10-01 00:00,56.0
1984-10-02 00:00,0.0
1984-10-03 00:00,88.0
1984-10-04 00:00,19.0
1984-10-05 00:00,42.0
1984-10-06 00:00,35.0
1984-10-07 00:00,40.0
1984-10-08 00:00,27.0
1984-10-09 00:00,33.0
1984-10-10 00:00,51.0
1984-10-11 00:00,0.0
1984-10-12 00:00,23.0
1984-10-13 00:00,0.0
1984-10-14 00:00,13.0
1984-10-15 00:00,40.0
1984-10-16 00:00,17.0
1984-10-17 00:00,13.0
1984-10-18 00:00,114.0
1984-10-19 00:00,145.0
1984-10-20 00:00,19.0
1984-10-21 00:00,61.0
1984-10-22 00:00,0.0
1984-10-23 00:00,5.0
1984-10-24 00:00,160.0
1984-10-25 00:00,70.0
1984-10-26 00:00,55.0
1984-10-27 00:00,132.0
1984-10-28 00:00,34.0
1984-10-29 00:00,24.0
1984-10-30 00:00,38.0
1984-10-31 00:00,38.0
1984-11-01 00:00,88.0
1984-11-02 00:00,61.0
1984-11-03 00:00,3.0
1984-11-04 00:00,27.0
1984-11-05 00:00,73.0
1984-11-06 00:00,110.0
1984-11-07 00:00,124.0
1984-11-08 00:00,3.0
1984-11-09 00:00,0.0
1984-11-10 00:00,60.0
1984-11-11 00:00,32.0
1984-11-12 00:00,4.0
1984-11-13 00:00,3.0
1984-11-14 00:00,25.0
1984-11-15 00:00,1.0
1984-11-16 00:00,15.0
1984-11-17 00:00,27.0
1984-11-18 00:00,3.0
1984-11-19 00:00,77.0
1984-11-20 00:00,20.0
1984-11-21 00:00,57.0
1984-11-22 00:00,35.0
1984-11-23 00:00,0.0
1984-11-24 00:00,85.0
1984-11-25 00:00,31.0
1984-11-26 00:00,76.0
1984-11-27 00:00,1.0
1984-11-28 00:00,82.0
1984-11-29 00:00,17.0
1984-11-30 00:00,3.0
1984-12-01 00:00,8.0
1984-12-02 00:00,0.0
1984-12-03 00:00,5.0
1984-12-04 00:00,8.0
1984-12-05 00:00,60.0
1984-12-06 00:00,75.0
1984-12-07 00:00,5.0
1984-12-08 00:00,2.0
1984-12-09 00:00,110.0
1984-12-10 00:00,53.0
1984-12-11 00:00,8.0
1984-12-12 00:00,70.0
1984-12-13 00:00,0.0
1984-12-14 00:00,2.0
1984-12-15 00:00,40.0
1984-12-16 00:00,60.0
1984-12-17 00:00,84.0
1984-12-18 00:00,35.0
1984-12-19 00:00,19.0
1984-12-20 00:00,93.0
1984-12-21 00:00,35.0
1984-12-22 00:00,17.0
1984-12-23 00:00,0.0
1984-12-24 00:00,33.0
1984-12-25 00:00,4.0
1984-12-26 00:00,0.0
1984-12-27 00:00,70.0
1984-12-28 00:00,20.0
1984-12-29 00:00,99.0
1984-12-30 00:00,24.0
1984-12-31 00:00,52.0
1985-01-01 00:00,13.0
1985-01-02 00:00,27.0
1985-01-03 00:00,110.0
1985-01-04 00:00,65.0
1985-01-05 00:00,22.0
1985-01-06 00:00,1.0
1985-01-07 00:00,3.0
1985-01-08 00:00,4.0
1985-01-09 00:00,0.0
1985-01-10 00:00,10.0
1985-01-11 00:00,0.0
1985-01-12 00:00,13.0
1985-01-13 00:00,0.0
1985-01-14 00:00,0.0
1985-01-15 00:00,0.0
1985-01-16 00:00,0.0
1985-01-17 00:00,0.0
1985-01-18 00:00,1.0
1985-01-19 00:00,0.0
1985-01-20 00:00,0.0
1985-01-21 00:00,0.0
1985-01-22 00:00,10.0
1985-01-23 00:00,20.0
1985-01-24 00:00,0.0
1985-01-25 00:00,0.0
1985-01-26 00:00,0.0
1985-01-27 00:00,0.0
1985-01-28 00:00,0.0
1985-01-29 00:00,0.0
1985-01-30 00:00,0.0
1985-01-31 00:00,0.0
1985-02-01 00:00,0.0
1985-02-02 00:00,0.0
1985-02-03 00:00,0.0
1985-02-04 00:00,0.0
1985-02-05 00:00,0.0
1985-02-06 00:00,0.0
1985-02-07 00:00,0.0
1985-02-08 00:00,1.0
1985-02-09 00:00,23.0
1985-02-10 00:00,1.0
1985-02-11 00:00,0.0
1985-02-12 00:00,17.0
1985-02-13 00:00,4.0
1985-02-14 00:00,32.0
1985-02-15 00:00,4.0
1985-02-16 00:00,2.0
1985-02-17 00:00,25.0
1985-02-18 00:00,1.0
1985-02-19 00:00,21.0
1985-02-20 00:00,9.0
1985-02-21 00:00,25.0
1985-02-22 00:00,20.0
1985-02-23 00:00,4.0
1985-02-24 00:00,35.0
1985-02-25 00:00,0.0
1985-02-26 00:00,3.0
1985-02-27 00:00,4.0
1985-02-28 00:00,0.0
1985-03-01 00:00,3.0
1985-03-02 00:00,96.0
1985-03-03 00:00,0.0
1985-03-04 00:00,0.0
1985-03-05 00:00,30.0
1985-03-06 00:00,19.0
1985-03-07 00:00,3.0
1985-03-08 00:00,6.0
1985-03-09 00:00,60.0
1985-03-10 00:00,0.0
1985-03-11 00:00,30.0
1985-03-12 00:00,17.0
1985-03-13 00:00,4.0
1985-03-14 00:00,0.0
1985-03-15 00:00,3.0
1985-03-16 00:00,13.0
1985-03-17 00:00,9.8
1985-03-18 00:00,5.4
1985-03-19 00:00,23.8
1985-03-20 00:00,2.6
1985-03-21 00:00,0.0
1985-03-22 00:00,0.0
1985-03-23 00:00,0.0
1985-03-24 00:00,0.0
1985-03-25 00:00,0.0
1985-03-26 00:00,33.4
1985-03-27 00:00,0.0
1985-03-28 00:00,0.0
1985-03-29 00:00,43.8
1985-03-30 00:00,31.2
1985-03-31 00:00,11.3
1985-04-01 00:00,13.2
1985-04-02 00:00,28.7
1985-04-03 00:00,0.1
1985-04-04 00:00,0.0
1985-04-05 00:00,0.2
1985-04-06 00:00,46.3
1985-04-07 00:00,63.9
1985-04-08 00:00,4.5
1985-04-09 00:00,0.4
1985-04-10 00:00,24.8
1985-04-11 00:00,2.9
1985-04-12 00:00,12.6
1985-04-13 00:00,40.3
1985-04-14 00:00,29.5
1985-04-15 00:00,10.1
1985-04-16 00:00,79.2
1985-04-17 00:00,9.5
1985-04-18 00:00,4.1
1985-04-19 00:00,123.2
1985-04-20 00:00,8.6
1985-04-21 00:00,28.3
1985-04-22 00:00,2.3
1985-04-23 00:00,55.4
1985-04-24 00:00,0.3
1985-04-25 00:00,5.2
1985-04-26 00:00,24.1
1985-04-27 00:00,5.3
1985-04-28 00:00,60.8
1985-04-29 00:00,7.2
1985-04-30 00:00,38.3
1985-05-01 00:00,3.1
1985-05-02 00:00,0.0
1985-05-03 00:00,16.2
1985-05-04 00:00,100.3
1985-05-05 00:00,0.0
1985-05-06 00:00,92.3
1985-05-07 00:00,3.7
1985-05-08 00:00,57.7
1985-05-09 00:00,4.3
1985-05-10 00:00,60.3
1985-05-11 00:00,0.0
1985-05-12 00:00,33.6
1985-05-13 00:00,0.0
1985-05-14 00:00,0.0
1985-05-15 00:00,17.2
1985-05-16 00:00,56.7
1985-05-17 00:00,6.7
1985-05-18 00:00,0.0
1985-05-19 00:00,0.0
1985-05-20 00:00,28.2
1985-05-21 00:00,0.0
1985-05-22 00:00,0.0
1985-05-23 00:00,8.2
1985-05-24 00:00,0.0
1985-05-25 00:00,0.0
1985-05-26 00:00,0.0
1985-05-27 00:00,0.0
1985-05-28 00:00,0.0
1985-05-29 00:00,0.0
1985-05-30 00:00,0.1
1985-05-31 00:00,12.4
1985-06-01 00:00,62.7
1985-06-02 00:00,0.1
1985-06-03 00:00,41.6
1985-06-04 00:00,35.7
1985-06-05 00:00,44.4
1985-06-06 00:00,0.7
1985-06-07 00:00,0.9
1985-06-08 00:00,0.0
1985-06-09 00:00,0.0
1985-06-10 00:00,0.0
1985-06-11 00:00,0.0
1985-06-12 00:00,0.0
1985-06-13 00:00,0.0
1985-06-14 00:00,0.0
1985-06-15 00:00,0.0
1985-06-16 00:00,0.0
1985-06-17 00:00,0.0
1985-06-18 00:00,0.0
1985-06-19 00:00,0.0
1985-06-20 00:00,0.0
1985-06-21 00:00,0.0
1985-06-22 00:00,0.0
1985-06-23 00:00,0.0
1985-06-24 00:00,0.0
1985-06-25 00:00,0.0
1985-06-26 00:00,0.0
1985-06-27 00:00,0.0
1985-06-28 00:00,0.0
1985-06-29 00:00,8.3
1985-06-30 00:00,0.1
1985-07-01 00:00,26.9
1985-07-02 00:00,0.0
1985-07-03 00:00,0.0
1985-07-04 00:00,0.0
1985-07-05 00:00,0.0
1985-07-06 00:00,0.0
1985-07-07 00:00,0.6
1985-07-08 00:00,28.3
1985-07-09 00:00,7.7
1985-07-10 00:00,0.0
1985-07-11 00:00,0.0
1985-07-12 00:00,5.1
1985-07-13 00:00,0.0
1985-07-14 00:00,0.0
1985-07-15 00:00,0.0
1985-07-16 00:00,0.0
1985-07-17 00:00,0.0
1985-07-18 00:00,0.0
1985-07-19 00:00,0.0
1985-07-20 00:00,17.8
1985-07-21 00:00,4.2
1985-07-22 00:00,11.4
1985-07-23 00:00,2.4
1985-07-24 00:00,40.9
1985-07-25 00:00,1.8
1985-07-26 00:00,27.9
1985-07-27 00:00,0.1
1985-07-28 00:00,6.2
1985-07-29 00:00,0.0
1985-07-30 00:00,5.4
1985-07-31 00:00,4.1
1985-08-01 00:00,0.0
1985-08-02 00:00,0.0
1985-08-03 00:00,0.0
1985-08-04 00:00,0.0
1985-08-05 00:00,28.9
1985-08-06 00:00,3.7
1985-08-07 00:00,81.1
1985-08-08 00:00,3.0
1985-08-09 00:00,31.1
1985-08-10 00:00,0.0
1985-08-11 00:00,0.0
1985-08-12 00:00,0.0
1985-08-13 00:00,15.6
1985-08-14 00:00,51.7
1985-08-15 00:00,0.0
1985-08-16 00:00,6.8
1985-08-17 00:00,63.9
1985-08-18 00:00,4.8
1985-08-19 00:00,3.6
1985-08-20 00:00,35.9
1985-08-21 00:00,3.2
1985-08-22 00:00,0.0
1985-08-23 00:00,4.8
1985-08-24 00:00,0.0
1985-08-25 00:00,26.3
1985-08-26 00:00,0.0
1985-08-27 00:00,0.0
1985-08-28 00:00,0.0
1985-08-29 00:00,0.0
1985-08-30 00:00,0.0
1985-08-31 00:00,0.0
1985-09-01 00:00,40.0
1985-09-02 00:00,0.0
1985-09-03 00:00,0.0
1985-09-04 00:00,0.0
1985-09-05 00:00,27.0
1985-09-06 00:00,0.0
1985-09-07 00:00,35.0
1985-09-08 00:00,20.5
1985-09-09 00:00,12.0
1985-09-10 00:00,97.8
1985-09-11 00:00,16.9
1985-09-12 00:00,7.5
1985-09-13 00:00,60.7
1985-09-14 00:00,5.2
1985-09-15 00:00,1.3
1985-09-16 00:00,0.0
1985-09-17 00:00,0.0
1985-09-18 00:00,5.2
1985-09-19 00:00,0.0
1985-09-20 00:00,2.4
1985-09-21 00:00,0.0
1985-09-22 00:00,8.2
1985-09-23 00:00,20.7
1985-09-24 00:00,15.8
1985-09-25 00:00,38.7
1985-09-26 00:00,8.7
1985-09-27 00:00,12.3
1985-09-28 00:00,3.2
1985-09-29 00:00,3.2
1985-09-30 00:00,4.1
1985-10-01 00:00,10.0
1985-10-02 00:00,17.0
1985-10-03 00:00,0.1
1985-10-04 00:00,40.0
1985-10-05 00:00,0.0
1985-10-06 00:00,25.2
1985-10-07 00:00,0.0
1985-10-08 00:00,41.4
1985-10-09 00:00,1.2
1985-10-10 00:00,0.0
1985-10-11 00:00,0.1
1985-10-12 00:00,0.0
1985-10-13 00:00,0.0
1985-10-14 00:00,41.2
1985-10-15 00:00,3.2
1985-10-16 00:00,145.2
1985-10-17 00:00,3.6
1985-10-18 00:00,12.3
1985-10-19 00:00,48.2
1985-10-20 00:00,6.7
1985-10-21 00:00,48.8
1985-10-22 00:00,6.8
1985-10-23 00:00,73.2
1985-10-24 00:00,14.4
1985-10-25 00:00,18.0
1985-10-26 00:00,36.2
1985-10-27 00:00,5.7
1985-10-28 00:00,80.0
1985-10-29 00:00,18.8
1985-10-30 00:00,3.7
1985-10-31 00:00,0.0
1985-11-01 00:00,0.0
1985-11-02 00:00,1.2
1985-11-03 00:00,0.0
1985-11-04 00:00,20.0
1985-11-05 00:00,43.7
1985-11-06 00:00,0.8
1985-11-07 00:00,0.6
1985-11-08 00:00,7.9
1985-11-09 00:00,27.3
1985-11-10 00:00,131.6
1985-11-11 00:00,108.8
1985-11-12 00:00,60.3
1985-11-13 00:00,25.3
1985-11-14 00:00,23.3
1985-11-15 00:00,23.8
1985-11-16 00:00,4.6
1985-11-17 00:00,0.0
1985-11-18 00:00,0.0
1985-11-19 00:00,48.4
1985-11-20 00:00,73.8
1985-11-21 00:00,10.0
1985-11-22 00:00,0.8
1985-11-23 00:00,22.5
1985-11-24 00:00,0.5
1985-11-25 00:00,10.0
1985-11-26 00:00,23.6
1985-11-27 00:00,19.6
1985-11-28 00:00,15.0
1985-11-29 00:00,9.9
1985-11-30 00:00,0.0
1985-12-01 00:00,50.7
1985-12-02 00:00,11.9
1985-12-03 00:00,14.2
1985-12-04 00:00,145.4
1985-12-05 00:00,6.6
1985-12-06 00:00,12.0
1985-12-07 00:00,62.3
1985-12-08 00:00,20.0
1985-12-09 00:00,4.6
1985-12-10 00:00,13.6
1985-12-11 00:00,4.4
1985-12-12 00:00,6.2
1985-12-13 00:00,0.7
1985-12-14 00:00,0.0
1985-12-15 00:00,0.0
1985-12-16 00:00,0.0
1985-12-17 00:00,0.0
1985-12-18 00:00,0.0
1985-12-19 00:00,0.0
1985-12-20 00:00,6.1
1985-12-21 00:00,0.0
1985-12-22 00:00,0.0
1985-12-23 00:00,4.8
1985-12-24 00:00,3.0
1985-12-25 00:00,0.0
1985-12-26 00:00,0.0
1985-12-27 00:00,42.1
1985-12-28 00:00,0.0
1985-12-29 00:00,1.9
1985-12-30 00:00,2.4
1985-12-31 00:00,0.0
1986-01-01 00:00,0.0
1986-01-02 00:00,0.0
1986-01-03 00:00,68.1
1986-01-04 00:00,6.3
1986-01-05 00:00,16.2
1986-01-06 00:00,28.2
1986-01-07 00:00,3.8
1986-01-08 00:00,83.3
1986-01-09 00:00,40.8
1986-01-10 00:00,6.4
1986-01-11 00:00,150.0
1986-01-12 00:00,15.1
1986-01-13 00:00,105.9
1986-01-14 00:00,39.8
1986-01-15 00:00,38.0
1986-01-16 00:00,14.0
1986-01-17 00:00,17.2
1986-01-18 00:00,1.6
1986-01-19 00:00,2.1
1986-01-20 00:00,0.0
1986-01-21 00:00,147.5
1986-01-22 00:00,4.0
1986-01-23 00:00,60.0
1986-01-24 00:00,20.0
1986-01-25 00:00,2.8
1986-01-26 00:00,118.0
1986-01-27 00:00,0.0
1986-01-28 00:00,0.0
1986-01-29 00:00,37.8
1986-01-30 00:00,98.8
1986-01-31 00:00,15.0
1986-02-01 00:00,2.3
1986-02-02 00:00,0.6
1986-02-03 00:00,0.0
1986-02-04 00:00,0.0
1986-02-05 00:00,0.0
1986-02-06 00:00,0.0
1986-02-07 00:00,9.6
1986-02-08 00:00,30.0
1986-02-09 00:00,12.1
1986-02-10 00:00,0.0
1986-02-11 00:00,10.9
1986-02-12 00:00,50.7
1986-02-13 00:00,25.5
1986-02-14 00:00,28.4
1986-02-15 00:00,22.6
1986-02-16 00:00,15.3
1986-02-17 00:00,10.2
1986-02-18 00:00,11.7
1986-02-19 00:00,15.4
1986-02-20 00:00,10.5
1986-02-21 00:00,15.1
1986-02-22 00:00,11.2
1986-02-23 00:00,12.8
1986-02-24 00:00,22.1
1986-02-25 00:00,22.4
1986-02-26 00:00,70.9
1986-02-27 00:00,0.0
1986-02-28 00:00,0.0
1986-03-01 00:00,84.2
1986-03-02 00:00,2.0
1986-03-03 00:00,0.0
1986-03-04 00:00,3.1
1986-03-05 00:00,0.0
1986-03-06 00:00,0.0
1986-03-07 00:00,0.0
1986-03-08 00:00,3.0
1986-03-09 00:00,0.0
1986-03-10 00:00,50.8
1986-03-11 00:00,5.6
1986-03-12 00:00,0.0
1986-03-13 00:00,33.6
1986-03-14 00:00,0.0
1986-03-15 00:00,6.2
1986-03-16 00:00,5.5
1986-03-17 00:00,2.0
1986-03-18 00:00,20.0
1986-03-19 00:00,4.0
1986-03-20 00:00,5.7
1986-03-21 00:00,0.0
1986-03-22 00:00,0.0
1986-03-23 00:00,15.8
1986-03-24 00:00,5.9
1986-03-25 00:00,65.5
1986-03-26 00:00,0.0
1986-03-27 00:00,2.0
1986-03-28 00:00,0.0
1986-03-29 00:00,0.0
1986-03-30 00:00,13.1
1986-03-31 00:00,144.6
1986-04-01 00:00,141.9
1986-04-02 00:00,0.0
1986-04-03 00:00,33.2
1986-04-04 00:00,48.3
1986-04-05 00:00,31.4
1986-04-06 00:00,9.4
1986-04-07 00:00,0.0
1986-04-08 00:00,45.9
1986-04-09 00:00,23.2
1986-04-10 00:00,0.0
1986-04-11 00:00,3.9
1986-04-12 00:00,0.0
1986-04-13 00:00,7.0
1986-04-14 00:00,16.8
1986-04-15 00:00,63.2
1986-04-16 00:00,2.0
1986-04-17 00:00,100.3
1986-04-18 00:00,143.5
1986-04-19 00:00,0.0
1986-04-20 00:00,0.0
1986-04-21 00:00,5.5
1986-04-22 00:00,15.0
1986-04-23 00:00,5.5
1986-04-24 00:00,33.4
1986-04-25 00:00,28.4
1986-04-26 00:00,0.0
1986-04-27 00:00,13.4
1986-04-28 00:00,22.9
1986-04-29 00:00,0.0
1986-04-30 00:00,38.5
1986-05-01 00:00,0.0
1986-05-02 00:00,0.0
1986-05-03 00:00,40.0
1986-05-04 00:00,3.7
1986-05-05 00:00,5.8
1986-05-06 00:00,10.0
1986-05-07 00:00,2.5
1986-05-08 00:00,1.2
1986-05-09 00:00,100.0
1986-05-10 00:00,57.6
1986-05-11 00:00,8.9
1986-05-12 00:00,6.5
1986-05-13 00:00,50.0
1986-05-14 00:00,54.2
1986-05-15 00:00,145.6
1986-05-16 00:00,59.1
1986-05-17 00:00,47.5
1986-05-18 00:00,124.6
1986-05-19 00:00,14.3
1986-05-20 00:00,0.0
1986-05-21 00:00,0.0
1986-05-22 00:00,99.3
1986-05-23 00:00,10.1
1986-05-24 00:00,11.1
1986-05-25 00:00,10.1
1986-05-26 00:00,10.0
1986-05-27 00:00,77.6
1986-05-28 00:00,35.8
1986-05-29 00:00,40.0
1986-05-30 00:00,21.8
1986-05-31 00:00,20.3
1986-06-01 00:00,54.3
1986-06-02 00:00,0.0
1986-06-03 00:00,37.3
1986-06-04 00:00,8.5
1986-06-05 00:00,12.4
1986-06-06 00:00,0.4
1986-06-07 00:00,0.0
1986-06-08 00:00,14.4
1986-06-09 00:00,0.0
1986-06-10 00:00,11.4
1986-06-11 00:00,0.1
1986-06-12 00:00,0.0
1986-06-13 00:00,0.0
1986-06-14 00:00,0.3
1986-06-15 00:00,0.0
1986-06-16 00:00,0.0
1986-06-17 00:00,25.5
1986-06-18 00:00,0.0
1986-06-19 00:00,0.0
1986-06-20 00:00,0.0
1986-06-21 00:00,0.0
1986-06-22 00:00,1.3
1986-06-23 00:00,54.4
1986-06-24 00:00,0.0
1986-06-25 00:00,0.0
1986-06-26 00:00,0.0
1986-06-27 00:00,1.1
1986-06-28 00:00,15.1
1986-06-29 00:00,2.5
1986-06-30 00:00,27.3
1986-07-01 00:00,0.0
1986-07-02 00:00,0.0
1986-07-03 00:00,0.0
1986-07-04 00:00,0.0
1986-07-05 00:00,2.2
1986-07-06 00:00,0.0
1986-07-07 00:00,0.0
1986-07-08 00:00,0.0
1986-07-09 00:00,0.0
1986-07-10 00:00,0.0
1986-07-11 00:00,0.0
1986-07-12 00:00,0.0
1986-07-13 00:00,0.0
1986-07-14 00:00,0.0
1986-07-15 00:00,0.0
1986-07-16 00:00,3.7
1986-07-17 00:00,0.0
1986-07-18 00:00,0.0
1986-07-19 00:00,0.0
1986-07-20 00:00,0.0
1986-07-21 00:00,0.0
1986-07-22 00:00,0.0
1986-07-23 00:00,0.0
1986-07-24 00:00,0.0
1986-07-25 00:00,0.0
1986-07-26 00:00,0.0
1986-07-27 00:00,0.0
1986-07-28 00:00,0.0
1986-07-29 00:00,0.0
1986-07-30 00:00,0.0
1986-07-31 00:00,0.0
1986-08-01 00:00,0.0
1986-08-02 00:00,0.0
1986-08-03 00:00,0.0
1986-08-04 00:00,23.5
1986-08-05 00:00,0.0
1986-08-06 00:00,0.0
1986-08-07 00:00,0.0
1986-08-08 00:00,0.0
1986-08-09 00:00,0.0
1986-08-10 00:00,0.0
1986-08-11 00:00,0.0
1986-08-12 00:00,25.5
1986-08-13 00:00,0.0
1986-08-14 00:00,0.0
1986-08-15 00:00,0.0
1986-08-16 00:00,0.6
1986-08-17 00:00,0.0
1986-08-18 00:00,0.0
1986-08-19 00:00,2.1
1986-08-20 00:00,6.7
1986-08-21 00:00,0.9
1986-08-22 00:00,62.4
1986-08-23 00:00,69.5
1986-08-24 00:00,0.0
1986-08-25 00:00,18.4
1986-08-26 00:00,0.9
1986-08-27 00:00,0.4
1986-08-28 00:00,2.3
1986-08-29 00:00,14.4
1986-08-30 00:00,22.3
1986-08-31 00:00,64.3
1986-09-01 00:00,1.7
1986-09-02 00:00,30.0
1986-09-03 00:00,13.4
1986-09-04 00:00,0.0
1986-09-05 00:00,0.0
1986-09-06 00:00,0.0
1986-09-07 00:00,0.0
1986-09-08 00:00,0.0
1986-09-09 00:00,0.0
1986-09-10 00:00,0.0
1986-09-11 00:00,0.0
1986-09-12 00:00,0.0
1986-09-13 00:00,0.0
1986-09-14 00:00,0.0
1986-09-15 00:00,0.0
1986-09-16 00:00,0.8
1986-09-17 00:00,6.6
1986-09-18 00:00,12.7
1986-09-19 00:00,68.9
1986-09-20 00:00,15.2
1986-09-21 00:00,50.0
1986-09-22 00:00,45.9
1986-09-23 00:00,28.3
1986-09-24 00:00,14.4
1986-09-25 00:00,30.4
1986-09-26 00:00,15.3
1986-09-27 00:00,60.1
1986-09-28 00:00,27.6
1986-09-29 00:00,0.0
1986-09-30 00:00,0.6
1986-10-01 00:00,14.8
1986-10-02 00:00,57.3
1986-10-03 00:00,62.9
1986-10-04 00:00,0.0
1986-10-05 00:00,22.4
1986-10-06 00:00,123.3
1986-10-07 00:00,38.8
1986-10-08 00:00,25.4
1986-10-09 00:00,65.8
1986-10-10 00:00,112.9
1986-10-11 00:00,140.4
1986-10-12 00:00,20.3
1986-10-13 00:00,14.8
1986-10-14 00:00,15.2
1986-10-15 00:00,121.6
1986-10-16 00:00,7.8
1986-10-17 00:00,28.2
1986-10-18 00:00,0.8
1986-10-19 00:00,88.5
1986-10-20 00:00,38.5
1986-10-21 00:00,38.9
1986-10-22 00:00,122.1
1986-10-23 00:00,40.8
1986-10-24 00:00,36.3
1986-10-25 00:00,45.3
1986-10-26 00:00,14.2
1986-10-27 00:00,2.9
1986-10-28 00:00,0.0
1986-10-29 00:00,3.3
1986-10-30 00:00,0.0
1986-10-31 00:00,12.2
1986-11-01 00:00,38.8
1986-11-02 00:00,37.3
1986-11-03 00:00,50.0
1986-11-04 00:00,25.4
1986-11-05 00:00,73.2
1986-11-06 00:00,23.9
1986-11-07 00:00,13.2
1986-11-08 00:00,46.1
1986-11-09 00:00,53.9
1986-11-10 00:00,15.4
1986-11-11 00:00,0.0
1986-11-12 00:00,8.3
1986-11-13 00:00,3.4
1986-11-14 00:00,6.2
1986-11-15 00:00,0.0
1986-11-16 00:00,80.0
1986-11-17 00:00,95.2
1986-11-18 00:00,3.2
1986-11-19 00:00,4.8
1986-11-20 00:00,68.4
1986-11-21 00:00,38.6
1986-11-22 00:00,37.3
1986-11-23 00:00,21.2
1986-11-24 00:00,21.1
1986-11-25 00:00,10.5
1986-11-26 00:00,6.2
1986-11-27 00:00,0.0
1986-11-28 00:00,25.4
1986-11-29 00:00,38.9
1986-11-30 00:00,14.2
1986-12-01 00:00,9.7
1986-12-02 00:00,30.0
1986-12-03 00:00,4.2
1986-12-04 00:00,30.9
1986-12-05 00:00,6.3
1986-12-06 00:00,14.5
1986-12-07 00:00,7.2
1986-12-08 00:00,5.0
1986-12-09 00:00,0.0
1986-12-10 00:00,0.0
1986-12-11 00:00,28.2
1986-12-12 00:00,51.1
1986-12-13 00:00,1.6
1986-12-14 00:00,65.6
1986-12-15 00:00,3.3
1986-12-16 00:00,6.8
1986-12-17 00:00,1.4
1986-12-18 00:00,0.0
1986-12-19 00:00,73.7
1986-12-20 00:00,0.0
1986-12-21 00:00,0.0
1986-12-22 00:00,0.0
1986-12-23 00:00,13.2
1986-12-24 00:00,33.1
1986-12-25 00:00,0.0
1986-12-26 00:00,64.5
1986-12-27 00:00,4.0
1986-12-28 00:00,4.0
1986-12-29 00:00,1.0
1986-12-30 00:00,14.2
1986-12-31 00:00,0.0
1987-01-01 00:00,0.0
1987-01-02 00:00,15.8
1987-01-03 00:00,23.7
1987-01-04 00:00,48.5
1987-01-05 00:00,0.0
1987-01-06 00:00,30.0
1987-01-07 00:00,36.0
1987-01-08 00:00,1.8
1987-01-09 00:00,0.0
1987-01-10 00:00,0.0
1987-01-11 00:00,0.0
1987-01-12 00:00,0.0
1987-01-13 00:00,0.0
1987-01-14 00:00,0.0
1987-01-15 00:00,0.0
1987-01-16 00:00,0.0
1987-01-17 00:00,0.0
1987-01-18 00:00,0.0
1987-01-19 00:00,24.5
1987-01-20 00:00,28.5
1987-01-21 00:00,0.0
1987-01-22 00:00,70.0
1987-01-23 00:00,7.3
1987-01-24 00:00,0.0
1987-01-25 00:00,8.1
1987-01-26 00:00,24.4
1987-01-27 00:00,0.0
1987-01-28 00:00,2.0
1987-01-29 00:00,0.0
1987-01-30 00:00,69.9
1987-01-31 00:00,0.0
1987-02-01 00:00,0.0
1987-02-02 00:00,0.0
1987-02-03 00:00,44.1
1987-02-04 00:00,50.0
1987-02-05 00:00,100.0
1987-02-06 00:00,0.0
1987-02-07 00:00,39.7
1987-02-08 00:00,0.0
1987-02-09 00:00,30.0
1987-02-10 00:00,15.7
1987-02-11 00:00,0.0
1987-02-12 00:00,32.9
1987-02-13 00:00,97.1
1987-02-14 00:00,0.0
1987-02-15 00:00,0.4
1987-02-16 00:00,57.5
1987-02-17 00:00,8.0
1987-02-18 00:00,0.0
1987-02-19 00:00,0.0
1987-02-20 00:00,0.0
1987-02-21 00:00,65.4
1987-02-22 00:00,97.3
1987-02-23 00:00,0.0
1987-02-24 00:00,0.0
1987-02-25 00:00,0.0
1987-02-26 00:00,0.0
1987-02-27 00:00,0.0
1987-02-28 00:00,0.0
1987-03-01 00:00,0.0
1987-03-02 00:00,0.0
1987-03-03 00:00,57.2
1987-03-04 00:00,2.4
1987-03-05 00:00,3.3
1987-03-06 00:00,4.7
1987-03-07 00:00,0.0
1987-03-08 00:00,6.3
1987-03-09 00:00,8.1
1987-03-10 00:00,0.0
1987-03-11 00:00,1.3
1987-03-12 00:00,3.1
1987-03-13 00:00,3.2
1987-03-14 00:00,4.4
1987-03-15 00:00,40.0
1987-03-16 00:00,0.0
1987-03-17 00:00,0.0
1987-03-18 00:00,0.0
1987-03-19 00:00,0.0
1987-03-20 00:00,62.3
1987-03-21 00:00,19.7
1987-03-22 00:00,14.8
1987-03-23 00:00,0.0
1987-03-24 00:00,14.7
1987-03-25 00:00,10.2
1987-03-26 00:00,0.3
1987-03-27 00:00,0.0
1987-03-28 00:00,15.8
1987-03-29 00:00,0.0
1987-03-30 00:00,0.0
1987-03-31 00:00,130.0
1987-04-01 00:00,30.0
1987-04-02 00:00,0.0
1987-04-03 00:00,19.7
1987-04-04 00:00,0.0
1987-04-05 00:00,67.2
1987-04-06 00:00,0.0
1987-04-07 00:00,0.0
1987-04-08 00:00,0.0
1987-04-09 00:00,10.0
1987-04-10 00:00,4.3
1987-04-11 00:00,0.0
1987-04-12 00:00,4.9
1987-04-13 00:00,0.0
1987-04-14 00:00,0.0
1987-04-15 00:00,0.0
1987-04-16 00:00,0.0
1987-04-17 00:00,129.1
1987-04-18 00:00,0.0
1987-04-19 00:00,0.0
1987-04-20 00:00,0.0
1987-04-21 00:00,0.0
1987-04-22 00:00,70.0
1987-04-23 00:00,0.0
1987-04-24 00:00,3.1
1987-04-25 00:00,62.0
1987-04-26 00:00,5.1
1987-04-27 00:00,0.0
1987-04-28 00:00,0.0
1987-04-29 00:00,20.4
1987-04-30 00:00,129.4
1987-05-01 00:00,0.5
1987-05-02 00:00,0.0
1987-05-03 00:00,44.6
1987-05-04 00:00,15.2
1987-05-05 00:00,5.3
1987-05-06 00:00,25.5
1987-05-07 00:00,0.0
1987-05-08 00:00,0.0
1987-05-09 00:00,0.0
1987-05-10 00:00,0.0
1987-05-11 00:00,0.0
1987-05-12 00:00,0.0
1987-05-13 00:00,0.0
1987-05-14 00:00,0.0
1987-05-15 00:00,84.8
1987-05-16 00:00,150.0
1987-05-17 00:00,30.0
1987-05-18 00:00,3.8
1987-05-19 00:00,20.0
1987-05-20 00:00,12.3
1987-05-21 00:00,1.4
1987-05-22 00:00,153.6
1987-05-23 00:00,14.4
1987-05-24 00:00,7.4
1987-05-25 00:00,0.0
1987-05-26 00:00,0.0
1987-05-27 00:00,0.0
1987-05-28 00:00,0.0
1987-05-29 00:00,0.0
1987-05-30 00:00,0.0
1987-05-31 00:00,0.0
1987-06-01 00:00,0.0
1987-06-02 00:00,0.0
1987-06-03 00:00,48.3
1987-06-04 00:00,45.8
1987-06-05 00:00,55.9
1987-06-06 00:00,0.0
1987-06-07 00:00,0.0
1987-06-08 00:00,0.0
1987-06-09 00:00,0.0
1987-06-10 00:00,0.0
1987-06-11 00:00,0.0
1987-06-12 00:00,10.3
1987-06-13 00:00,21.1
1987-06-14 00:00,40.0
1987-06-15 00:00,0.0
1987-06-16 00:00,0.0
1987-06-17 00:00,0.0
1987-06-18 00:00,13.0
1987-06-19 00:00,0.0
1987-06-20 00:00,0.0
1987-06-21 00:00,0.0
1987-06-22 00:00,49.2
1987-06-23 00:00,3.2
1987-06-24 00:00,0.0
1987-06-25 00:00,0.0
1987-06-26 00:00,0.0
1987-06-27 00:00,0.0
1987-06-28 00:00,0.0
1987-06-29 00:00,0.0
1987-06-30 00:00,0.0
1987-07-01 00:00,14.5
1987-07-02 00:00,0.0
1987-07-03 00:00,0.0
1987-07-04 00:00,0.0
1987-07-05 00:00,10.8
1987-07-06 00:00,0.0
1987-07-07 00:00,0.0
1987-07-08 00:00,0.0
1987-07-09 00:00,0.0
1987-07-10 00:00,0.0
1987-07-11 00:00,0.0
1987-07-12 00:00,0.0
1987-07-13 00:00,0.0
1987-07-14 00:00,0.0
1987-07-15 00:00,0.0
1987-07-16 00:00,10.2
1987-07-17 00:00,50.0
1987-07-18 00:00,34.9
1987-07-19 00:00,0.0
1987-07-20 00:00,0.0
1987-07-21 00:00,0.0
1987-07-22 00:00,12.3
1987-07-23 00:00,15.9
1987-07-24 00:00,26.2
1987-07-25 00:00,40.1
1987-07-26 00:00,33.9
1987-07-27 00:00,28.4
1987-07-28 00:00,25.1
1987-07-29 00:00,70.0
1987-07-30 00:00,16.4
1987-07-31 00:00,47.2
1987-08-01 00:00,45.9
1987-08-02 00:00,50.6
1987-08-03 00:00,40.0
1987-08-04 00:00,50.8
1987-08-05 00:00,0.0
1987-08-06 00:00,10.0
1987-08-07 00:00,0.0
1987-08-08 00:00,7.2
1987-08-09 00:00,6.0
1987-08-10 00:00,0.0
1987-08-11 00:00,49.8
1987-08-12 00:00,0.0
1987-08-13 00:00,0.0
1987-08-14 00:00,0.0
1987-08-15 00:00,0.0
1987-08-16 00:00,23.4
1987-08-17 00:00,0.0
1987-08-18 00:00,0.0
1987-08-19 00:00,0.0
1987-08-20 00:00,0.0
1987-08-21 00:00,0.0
1987-08-22 00:00,0.0
1987-08-23 00:00,0.0
1987-08-24 00:00,0.0
1987-08-25 00:00,0.0
1987-08-26 00:00,0.0
1987-08-27 00:00,0.0
1987-08-28 00:00,0.0
1987-08-29 00:00,0.0
1987-08-30 00:00,27.8
1987-08-31 00:00,0.0
1987-09-01 00:00,31.4
1987-09-02 00:00,12.9
1987-09-03 00:00,40.1
1987-09-04 00:00,40.8
1987-09-05 00:00,0.0
1987-09-06 00:00,0.0
1987-09-07 00:00,0.0
1987-09-08 00:00,0.0
1987-09-09 00:00,0.0
1987-09-10 00:00,12.2
1987-09-11 00:00,0.0
1987-09-12 00:00,0.0
1987-09-13 00:00,27.0
1987-09-14 00:00,99.3
1987-09-15 00:00,10.3
1987-09-16 00:00,27.8
1987-09-17 00:00,0.0
1987-09-18 00:00,0.0
1987-09-19 00:00,12.3
1987-09-20 00:00,10.4
1987-09-21 00:00,4.2
1987-09-22 00:00,143.2
1987-09-23 00:00,16.3
1987-09-24 00:00,13.1
1987-09-25 00:00,14.3
1987-09-26 00:00,38.9
1987-09-27 00:00,12.3
1987-09-28 00:00,25.6
1987-09-29 00:00,54.8
1987-09-30 00:00,0.0
1987-10-01 00:00,20.0
1987-10-02 00:00,40.9
1987-10-03 00:00,47.1
1987-10-04 00:00,9.9
1987-10-05 00:00,12.3
1987-10-06 00:00,14.0
1987-10-07 00:00,23.8
1987-10-08 00:00,87.2
1987-10-09 00:00,32.7
1987-10-10 00:00,16.3
1987-10-11 00:00,40.9
1987-10-12 00:00,12.8
1987-10-13 00:00,28.1
1987-10-14 00:00,33.4
1987-10-15 00:00,7.2
1987-10-16 00:00,0.0
1987-10-17 00:00,15.8
1987-10-18 00:00,15.4
1987-10-19 00:00,14.0
1987-10-20 00:00,17.9
1987-10-21 00:00,12.8
1987-10-22 00:00,22.3
1987-10-23 00:00,14.6
1987-10-24 00:00,9.2
1987-10-25 00:00,8.9
1987-10-26 00:00,0.0
1987-10-27 00:00,0.0
1987-10-28 00:00,140.0
1987-10-29 00:00,26.8
1987-10-30 00:00,37.1
1987-10-31 00:00,26.2
1987-11-01 00:00,40.6
1987-11-02 00:00,66.2
1987-11-03 00:00,10.6
1987-11-04 00:00,0.0
1987-11-05 00:00,10.0
1987-11-06 00:00,13.2
1987-11-07 00:00,0.0
1987-11-08 00:00,34.4
1987-11-09 00:00,16.5
1987-11-10 00:00,5.6
1987-11-11 00:00,12.2
1987-11-12 00:00,36.0
1987-11-13 00:00,22.4
1987-11-14 00:00,32.9
1987-11-15 00:00,1.3
1987-11-16 00:00,9.7
1987-11-17 00:00,77.1
1987-11-18 00:00,2.3
1987-11-19 00:00,0.0
1987-11-20 00:00,0.0
1987-11-21 00:00,17.9
1987-11-22 00:00,0.0
1987-11-23 00:00,0.0
1987-11-24 00:00,25.4
1987-11-25 00:00,0.0
1987-11-26 00:00,10.3
1987-11-27 00:00,0.0
1987-11-28 00:00,7.2
1987-11-29 00:00,15.4
1987-11-30 00:00,65.2
1988-01-01 00:00,48.3
1988-01-02 00:00,0.0
1988-01-03 00:00,50.9
1988-01-04 00:00,0.5
1988-01-05 00:00,20.4
1988-01-06 00:00,9.5
1988-01-07 00:00,86.8
1988-01-08 00:00,8.5
1988-01-09 00:00,0.3
1988-01-10 00:00,0.0
1988-01-11 00:00,11.8
1988-01-12 00:00,10.3
1988-01-13 00:00,20.4
1988-01-14 00:00,0.3
1988-01-15 00:00,0.0
1988-01-16 00:00,0.0
1988-01-17 00:00,8.3
1988-01-18 00:00,19.5
1988-01-19 00:00,0.0
1988-01-20 00:00,0.0
1988-01-21 00:00,0.0
1988-01-22 00:00,0.0
1988-01-23 00:00,0.0
1988-01-24 00:00,0.0
1988-01-25 00:00,0.0
1988-01-26 00:00,0.0
1988-01-27 00:00,0.0
1988-01-28 00:00,18.5
1988-01-29 00:00,0.0
1988-01-30 00:00,0.0
1988-01-31 00:00,0.0
1988-02-01 00:00,0.0
1988-02-02 00:00,0.0
1988-02-03 00:00,22.3
1988-02-04 00:00,0.0
1988-02-05 00:00,35.6
1988-02-06 00:00,10.3
1988-02-07 00:00,0.0
1988-02-08 00:00,36.2
1988-02-09 00:00,0.0
1988-02-10 00:00,70.1
1988-02-11 00:00,43.3
1988-02-12 00:00,0.0
1988-02-13 00:00,0.0
1988-02-14 00:00,10.1
1988-02-15 00:00,22.4
1988-02-16 00:00,0.0
1988-02-17 00:00,41.2
1988-02-18 00:00,0.0
1988-02-19 00:00,0.0
1988-02-20 00:00,20.3
1988-02-21 00:00,64.7
1988-02-22 00:00,20.4
1988-02-23 00:00,145.4
1988-02-24 00:00,14.2
1988-02-25 00:00,18.5
1988-02-26 00:00,20.7
1988-02-27 00:00,0.0
1988-02-28 00:00,38.9
1988-02-29 00:00,7.2
1988-03-01 00:00,0.8
1988-03-02 00:00,0.6
1988-03-03 00:00,0.0
1988-03-04 00:00,0.0
1988-03-05 00:00,0.0
1988-03-06 00:00,0.0
1988-03-07 00:00,0.0
1988-03-08 00:00,0.0
1988-03-09 00:00,0.9
1988-03-10 00:00,0.0
1988-03-11 00:00,0.0
1988-03-12 00:00,0.0
1988-03-13 00:00,5.5
1988-03-14 00:00,8.5
1988-03-15 00:00,0.0
1988-03-16 00:00,0.0
1988-03-17 00:00,0.0
1988-03-18 00:00,0.0
1988-03-19 00:00,0.0
1988-03-20 00:00,0.0
1988-03-21 00:00,8.4
1988-03-22 00:00,9.6
1988-03-23 00:00,0.0
1988-03-24 00:00,0.0
1988-03-25 00:00,0.0
1988-03-26 00:00,0.0
1988-03-27 00:00,0.0
1988-03-28 00:00,0.0
1988-03-29 00:00,0.0
1988-03-30 00:00,1.6
1988-03-31 00:00,0.9
1988-04-01 00:00,1.1
1988-04-02 00:00,7.2
1988-04-03 00:00,42.8
1988-04-04 00:00,0.0
1988-04-05 00:00,4.0
1988-04-06 00:00,0.0
1988-04-07 00:00,110.5
1988-04-08 00:00,9.7
1988-04-09 00:00,8.9
1988-04-10 00:00,3.4
1988-04-11 00:00,0.0
1988-04-12 00:00,50.2
1988-04-13 00:00,10.9
1988-04-14 00:00,2.0
1988-04-15 00:00,4.2
1988-04-16 00:00,0.0
1988-04-17 00:00,14.1
1988-04-18 00:00,22.8
1988-04-19 00:00,7.7
1988-04-20 00:00,5.9
1988-04-21 00:00,17.7
1988-04-22 00:00,64.9
1988-04-23 00:00,13.6
1988-04-24 00:00,42.1
1988-04-25 00:00,5.3
1988-04-26 00:00,12.4
1988-04-27 00:00,6.2
1988-04-28 00:00,1.3
1988-04-29 00:00,4.1
1988-04-30 00:00,50.6
1988-05-01 00:00,40.9
1988-05-02 00:00,0.0
1988-05-03 00:00,91.2
1988-05-04 00:00,15.6
1988-05-05 00:00,0.0
1988-05-06 00:00,0.0
1988-05-07 00:00,9.8
1988-05-08 00:00,0.0
1988-05-09 00:00,90.7
1988-05-10 00:00,0.0
1988-05-11 00:00,0.0
1988-05-12 00:00,11.0
1988-05-13 00:00,79.6
1988-05-14 00:00,22.6
1988-05-15 00:00,6.8
1988-05-16 00:00,9.3
1988-05-17 00:00,0.0
1988-05-18 00:00,3.9
1988-05-19 00:00,5.2
1988-05-20 00:00,0.0
1988-05-21 00:00,9.3
1988-05-22 00:00,14.2
1988-05-23 00:00,0.0
1988-05-24 00:00,0.0
1988-05-25 00:00,0.0
1988-05-26 00:00,1.8
1988-05-27 00:00,12.2
1988-05-28 00:00,65.2
1988-05-29 00:00,0.0
1988-05-30 00:00,0.0
1988-05-31 00:00,3.8
1988-06-01 00:00,9.6
1988-06-02 00:00,14.2
1988-06-03 00:00,0.0
1988-06-04 00:00,0.0
1988-06-05 00:00,0.0
1988-06-06 00:00,0.0
1988-06-07 00:00,0.0
1988-06-08 00:00,0.0
1988-06-09 00:00,0.0
1988-06-10 00:00,0.0
1988-06-11 00:00,9.3
1988-06-12 00:00,124.3
1988-06-13 00:00,34.8
1988-06-14 00:00,0.0
1988-06-15 00:00,1.9
1988-06-16 00:00,0.0
1988-06-17 00:00,12.4
1988-06-18 00:00,26.8
1988-06-19 00:00,42.9
1988-06-20 00:00,16.8
1988-06-21 00:00,9.6
1988-06-22 00:00,6.2
1988-06-23 00:00,62.8
1988-06-24 00:00,26.1
1988-06-25 00:00,0.0
1988-06-26 00:00,0.0
1988-06-27 00:00,58.3
1988-06-28 00:00,0.0
1988-06-29 00:00,10.8
1988-06-30 00:00,16.9
1988-07-01 00:00,9.3
1988-07-02 00:00,27.5
1988-07-03 00:00,15.3
1988-07-04 00:00,19.8
1988-07-05 00:00,56.3
1988-07-06 00:00,0.0
1988-07-07 00:00,0.0
1988-07-08 00:00,0.0
1988-07-09 00:00,0.0
1988-07-10 00:00,0.0
1988-07-11 00:00,1.6
1988-07-12 00:00,0.0
1988-07-13 00:00,0.0
1988-07-14 00:00,0.0
1988-07-15 00:00,0.0
1988-07-16 00:00,0.0
1988-07-17 00:00,0.0
1988-07-18 00:00,0.0
1988-07-19 00:00,0.0
1988-07-20 00:00,0.0
1988-07-21 00:00,0.0
1988-07-22 00:00,0.0
1988-07-23 00:00,0.0
1988-07-24 00:00,5.9
1988-07-25 00:00,0.0
1988-07-26 00:00,0.0
1988-07-27 00:00,0.0
1988-07-28 00:00,9.8
1988-07-29 00:00,12.4
1988-07-30 00:00,0.0
1988-07-31 00:00,5.3
1988-08-01 00:00,51.3
1988-08-02 00:00,72.5
1988-08-03 00:00,0.0
1988-08-04 00:00,0.0
1988-08-05 00:00,20.0
1988-08-06 00:00,5.9
1988-08-07 00:00,16.8
1988-08-08 00:00,5.9
1988-08-09 00:00,0.0
1988-08-10 00:00,0.0
1988-08-11 00:00,23.1
1988-08-12 00:00,19.8
1988-08-13 00:00,50.8
1988-08-14 00:00,23.8
1988-08-15 00:00,21.4
1988-08-16 00:00,21.6
1988-08-17 00:00,3.8
1988-08-18 00:00,45.2
1988-08-19 00:00,25.5
1988-08-20 00:00,12.6
1988-08-21 00:00,40.9
1988-08-22 00:00,0.0
1988-08-23 00:00,129.3
1988-08-24 00:00,6.5
1988-08-25 00:00,17.6
1988-08-26 00:00,103.1
1988-08-27 00:00,0.0
1988-08-28 00:00,0.0
1988-08-29 00:00,43.2
1988-08-30 00:00,58.8
1988-08-31 00:00,0.0
1988-09-01 00:00,51.6
1988-09-02 00:00,0.0
1988-09-03 00:00,29.0
1988-09-04 00:00,20.0
1988-09-05 00:00,46.6
1988-09-06 00:00,48.0
1988-09-07 00:00,40.7
1988-09-08 00:00,51.2
1988-09-09 00:00,37.9
1988-09-10 00:00,0.0
1988-09-11 00:00,55.5
1988-09-12 00:00,0.0
1988-09-13 00:00,20.5
1988-09-14 00:00,0.0
1988-09-15 00:00,0.0
1988-09-16 00:00,9.4
1988-09-17 00:00,124.4
1988-09-18 00:00,62.1
1988-09-19 00:00,63.4
1988-09-20 00:00,0.0
1988-09-21 00:00,13.8
1988-09-22 00:00,118.5
1988-09-23 00:00,39.2
1988-09-24 00:00,12.8
1988-09-25 00:00,0.0
1988-09-26 00:00,0.0
1988-09-27 00:00,41.2
1988-09-28 00:00,47.5
1988-09-29 00:00,67.2
1988-09-30 00:00,0.0
1988-10-01 00:00,0.0
1988-10-02 00:00,53.2
1988-10-03 00:00,68.3
1988-10-04 00:00,132.5
1988-10-05 00:00,52.2
1988-10-06 00:00,0.0
1988-10-07 00:00,0.0
1988-10-08 00:00,12.2
1988-10-09 00:00,58.8
1988-10-10 00:00,16.9
1988-10-11 00:00,10.1
1988-10-12 00:00,36.2
1988-10-13 00:00,0.0
1988-10-14 00:00,20.2
1988-10-15 00:00,42.7
1988-10-16 00:00,32.5
1988-10-17 00:00,32.8
1988-10-18 00:00,12.7
1988-10-19 00:00,10.8
1988-10-20 00:00,100.9
1988-10-21 00:00,50.0
1988-10-22 00:00,0.0
1988-10-23 00:00,0.0
1988-10-24 00:00,12.8
1988-10-25 00:00,19.3
1988-10-26 00:00,16.9
1988-10-27 00:00,130.2
1988-10-28 00:00,12.2
1988-10-29 00:00,0.0
1988-10-30 00:00,105.5
1988-10-31 00:00,24.2
1988-11-01 00:00,25.6
1988-11-02 00:00,39.9
1988-11-03 00:00,7.2
1988-11-04 00:00,12.6
1988-11-05 00:00,15.8
1988-11-06 00:00,22.3
1988-11-07 00:00,0.0
1988-11-08 00:00,0.0
1988-11-09 00:00,33.8
1988-11-10 00:00,30.6
1988-11-11 00:00,60.2
1988-11-12 00:00,21.6
1988-11-13 00:00,95.2
1988-11-14 00:00,20.7
1988-11-15 00:00,40.4
1988-11-16 00:00,10.8
1988-11-17 00:00,70.2
1988-11-18 00:00,61.8
1988-11-19 00:00,38.2
1988-11-20 00:00,46.3
1988-11-21 00:00,37.5
1988-11-22 00:00,16.2
1988-11-23 00:00,20.5
1988-11-24 00:00,112.8
1988-11-25 00:00,5.2
1988-11-26 00:00,12.3
1988-11-27 00:00,0.8
1988-11-28 00:00,67.1
1988-11-29 00:00,35.2
1988-11-30 00:00,92.2
1988-12-01 00:00,15.2
1988-12-02 00:00,158.8
1988-12-03 00:00,37.5
1988-12-04 00:00,33.8
1988-12-05 00:00,79.9
1988-12-06 00:00,0.0
1988-12-07 00:00,96.9
1988-12-08 00:00,0.0
1988-12-09 00:00,15.6
1988-12-10 00:00,0.0
1988-12-11 00:00,47.6
1988-12-12 00:00,26.5
1988-12-13 00:00,40.3
1988-12-14 00:00,12.8
1988-12-15 00:00,10.8
1988-12-16 00:00,14.6
1988-12-17 00:00,7.8
1988-12-18 00:00,15.4
1988-12-19 00:00,12.3
1988-12-20 00:00,16.8
1988-12-21 00:00,0.0
1988-12-22 00:00,0.0
1988-12-23 00:00,44.7
1988-12-24 00:00,15.1
1988-12-25 00:00,20.9
1988-12-26 00:00,19.4
1988-12-27 00:00,44.4
1988-12-28 00:00,8.2
1988-12-29 00:00,10.2
1988-12-30 00:00,14.6
1988-12-31 00:00,85.5
1989-01-01 00:00,10.3
1989-01-02 00:00,25.4
1989-01-03 00:00,7.5
1989-01-04 00:00,10.2
1989-01-05 00:00,97.5
1989-01-06 00:00,40.2
1989-01-07 00:00,10.3
1989-01-08 00:00,0.0
1989-01-09 00:00,0.0
1989-01-10 00:00,0.0
1989-01-11 00:00,14.3
1989-01-12 00:00,26.2
1989-01-13 00:00,0.0
1989-01-14 00:00,0.0
1989-01-15 00:00,0.0
1989-01-16 00:00,48.4
1989-01-17 00:00,9.9
1989-01-18 00:00,51.4
1989-01-19 00:00,97.3
1989-01-20 00:00,49.8
1989-01-21 00:00,23.6
1989-01-22 00:00,0.0
1989-01-23 00:00,3.2
1989-01-24 00:00,13.2
1989-01-25 00:00,9.3
1989-01-26 00:00,38.9
1989-01-27 00:00,16.2
1989-01-28 00:00,11.9
1989-01-29 00:00,12.4
1989-01-30 00:00,0.0
1989-01-31 00:00,10.8
1989-02-01 00:00,7.2
1989-02-02 00:00,7.4
1989-02-03 00:00,35.4
1989-02-04 00:00,26.8
1989-02-05 00:00,0.0
1989-02-06 00:00,0.0
1989-02-07 00:00,36.0
1989-02-08 00:00,57.0
1989-02-09 00:00,14.6
1989-02-10 00:00,0.0
1989-02-11 00:00,0.0
1989-02-12 00:00,56.0
1989-02-13 00:00,0.0
1989-02-14 00:00,0.0
1989-02-15 00:00,0.0
1989-02-16 00:00,0.0
1989-02-17 00:00,0.0
1989-02-18 00:00,12.2
1989-02-19 00:00,1.7
1989-02-20 00:00,0.0
1989-02-21 00:00,8.4
1989-02-22 00:00,26.9
1989-02-23 00:00,13.4
1989-02-24 00:00,13.2
1989-02-25 00:00,16.5
1989-02-26 00:00,17.4
1989-02-27 00:00,0.0
1989-02-28 00:00,0.0
1989-03-01 00:00,12.3
1989-03-02 00:00,16.8
1989-03-03 00:00,66.9
1989-03-04 00:00,12.8
1989-03-05 00:00,76.0
1989-03-06 00:00,26.1
1989-03-07 00:00,98.9
1989-03-08 00:00,28.1
1989-03-09 00:00,9.2
1989-03-10 00:00,20.6
1989-03-11 00:00,5.8
1989-03-12 00:00,33.8
1989-03-13 00:00,1.8
1989-03-14 00:00,60.9
1989-03-15 00:00,12.3
1989-03-16 00:00,19.8
1989-03-17 00:00,14.2
1989-03-18 00:00,27.6
1989-03-19 00:00,37.2
1989-03-20 00:00,74.1
1989-03-21 00:00,54.3
1989-03-22 00:00,37.8
1989-03-23 00:00,91.2
1989-03-24 00:00,13.6
1989-03-25 00:00,8.8
1989-03-26 00:00,6.4
1989-03-27 00:00,0.0
1989-03-28 00:00,12.8
1989-03-29 00:00,0.0
1989-03-30 00:00,64.1
1989-03-31 00:00,12.8
1989-04-01 00:00,27.2
1989-04-02 00:00,79.4
1989-04-03 00:00,0.0
1989-04-04 00:00,0.0
1989-04-05 00:00,0.0
1989-04-06 00:00,0.0
1989-04-07 00:00,10.6
1989-04-08 00:00,3.4
1989-04-09 00:00,11.8
1989-04-10 00:00,0.0
1989-04-11 00:00,77.6
1989-04-12 00:00,12.3
1989-04-13 00:00,0.0
1989-04-14 00:00,19.8
1989-04-15 00:00,0.0
1989-04-16 00:00,86.8
1989-04-17 00:00,0.0
1989-04-18 00:00,51.5
1989-04-19 00:00,50.9
1989-04-20 00:00,4.3
1989-04-21 00:00,14.3
1989-04-22 00:00,47.2
1989-04-23 00:00,0.0
1989-04-24 00:00,0.3
1989-04-25 00:00,0.6
1989-04-26 00:00,40.2
1989-04-27 00:00,7.2
1989-04-28 00:00,0.0
1989-04-29 00:00,68.5
1989-04-30 00:00,0.0
1989-05-01 00:00,8.2
1989-05-02 00:00,0.0
1989-05-03 00:00,0.0
1989-05-04 00:00,0.0
1989-05-05 00:00,27.3
1989-05-06 00:00,0.0
1989-05-07 00:00,43.7
1989-05-08 00:00,50.9
1989-05-09 00:00,0.0
1989-05-10 00:00,14.3
1989-05-11 00:00,36.1
1989-05-12 00:00,9.8
1989-05-13 00:00,0.0
1989-05-14 00:00,44.8
1989-05-15 00:00,12.9
1989-05-16 00:00,0.0
1989-05-17 00:00,0.0
1989-05-18 00:00,0.0
1989-05-19 00:00,0.0
1989-05-20 00:00,0.0
1989-05-21 00:00,0.0
1989-05-22 00:00,0.0
1989-05-23 00:00,0.0
1989-05-24 00:00,58.2
1989-05-25 00:00,8.4
1989-05-26 00:00,0.0
1989-05-27 00:00,0.0
1989-05-28 00:00,0.0
1989-05-29 00:00,0.0
1989-05-30 00:00,0.0
1989-05-31 00:00,0.0
1989-06-01 00:00,3.8
1989-06-02 00:00,3.9
1989-06-03 00:00,0.0
1989-06-04 00:00,0.0
1989-06-05 00:00,14.6
1989-06-06 00:00,24.9
1989-06-07 00:00,0.0
1989-06-08 00:00,14.2
1989-06-09 00:00,0.0
1989-06-10 00:00,24.9
1989-06-11 00:00,10.2
1989-06-12 00:00,7.2
1989-06-13 00:00,0.0
1989-06-14 00:00,0.0
1989-06-15 00:00,0.0
1989-06-16 00:00,0.0
1989-06-17 00:00,0.0
1989-06-18 00:00,14.3
1989-06-19 00:00,0.0
1989-06-20 00:00,21.1
1989-06-21 00:00,0.0
1989-06-22 00:00,13.2
1989-06-23 00:00,0.9
1989-06-24 00:00,14.3
1989-06-25 00:00,22.1
1989-06-26 00:00,16.5
1989-06-27 00:00,80.0
1989-06-28 00:00,68.2
1989-06-29 00:00,0.0
1989-06-30 00:00,13.4
1989-07-01 00:00,37.4
1989-07-02 00:00,0.0
1989-07-03 00:00,0.0
1989-07-04 00:00,0.0
1989-07-05 00:00,0.0
1989-07-06 00:00,0.0
1989-07-07 00:00,0.0
1989-07-08 00:00,0.0
1989-07-09 00:00,0.0
1989-07-10 00:00,0.0
1989-07-11 00:00,0.0
1989-07-12 00:00,0.0
1989-07-13 00:00,0.0
1989-07-14 00:00,0.0
1989-07-15 00:00,0.0
1989-07-16 00:00,0.0
1989-07-17 00:00,0.0
1989-07-18 00:00,0.0
1989-07-19 00:00,10.3
1989-07-20 00:00,0.0
1989-07-21 00:00,0.0
1989-07-22 00:00,0.0
1989-07-23 00:00,23.7
1989-07-24 00:00,54.2
1989-07-25 00:00,26.4
1989-07-26 00:00,14.7
1989-07-27 00:00,50.9
1989-07-28 00:00,26.2
1989-07-29 00:00,73.4
1989-07-30 00:00,16.5
1989-07-31 00:00,0.0
1989-08-01 00:00,0.0
1989-08-02 00:00,0.0
1989-08-03 00:00,0.0
1989-08-04 00:00,28.8
1989-08-05 00:00,0.0
1989-08-06 00:00,0.0
1989-08-07 00:00,0.0
1989-08-08 00:00,10.9
1989-08-09 00:00,28.4
1989-08-10 00:00,0.0
1989-08-11 00:00,10.9
1989-08-12 00:00,0.0
1989-08-13 00:00,0.0
1989-08-14 00:00,0.0
1989-08-15 00:00,14.8
1989-08-16 00:00,0.0
1989-08-17 00:00,0.0
1989-08-18 00:00,0.0
1989-08-19 00:00,0.0
1989-08-20 00:00,28.9
1989-08-21 00:00,44.4
1989-08-22 00:00,20.5
1989-08-23 00:00,0.0
1989-08-24 00:00,0.0
1989-08-25 00:00,23.2
1989-08-26 00:00,74.1
1989-08-27 00:00,0.0
1989-08-28 00:00,33.8
1989-08-29 00:00,47.3
1989-08-30 00:00,42.4
1989-08-31 00:00,0.0
1989-09-01 00:00,0.0
1989-09-02 00:00,46.8
1989-09-03 00:00,37.8
1989-09-04 00:00,30.8
1989-09-05 00:00,28.3
1989-09-06 00:00,45.9
1989-09-07 00:00,0.0
1989-09-08 00:00,14.8
1989-09-09 00:00,14.6
1989-09-10 00:00,9.4
1989-09-11 00:00,19.6
1989-09-12 00:00,16.8
1989-09-13 00:00,22.3
1989-09-14 00:00,0.0
1989-09-15 00:00,0.0
1989-09-16 00:00,0.0
1989-09-17 00:00,0.0
1989-09-18 00:00,14.3
1989-09-19 00:00,28.9
1989-09-20 00:00,15.8
1989-09-21 00:00,35.9
1989-09-22 00:00,88.5
1989-09-23 00:00,12.3
1989-09-24 00:00,28.3
1989-09-25 00:00,32.1
1989-09-26 00:00,2.5
1989-09-27 00:00,79.4
1989-09-28 00:00,14.2
1989-09-29 00:00,0.0
1989-09-30 00:00,0.0
1989-10-01 00:00,14.9
1989-10-02 00:00,58.0
1989-10-03 00:00,14.1
1989-10-04 00:00,0.0
1989-10-05 00:00,0.0
1989-10-06 00:00,7.3
1989-10-07 00:00,14.8
1989-10-08 00:00,5.2
1989-10-09 00:00,17.6
1989-10-10 00:00,28.5
1989-10-11 00:00,47.3
1989-10-12 00:00,12.9
1989-10-13 00:00,32.1
1989-10-14 00:00,8.3
1989-10-15 00:00,82.3
1989-10-16 00:00,4.3
1989-10-17 00:00,53.8
1989-10-18 00:00,34.8
1989-10-19 00:00,54.2
1989-10-20 00:00,14.7
1989-10-21 00:00,25.0
1989-10-22 00:00,0.0
1989-10-23 00:00,11.2
1989-10-24 00:00,28.9
1989-10-25 00:00,19.2
1989-10-26 00:00,43.9
1989-10-27 00:00,12.3
1989-10-28 00:00,31.8
1989-10-29 00:00,16.3
1989-10-30 00:00,18.2
1989-10-31 00:00,50.6
1989-11-01 00:00,10.4
1989-11-02 00:00,40.8
1989-11-03 00:00,23.9
1989-11-04 00:00,16.8
1989-11-05 00:00,39.8
1989-11-06 00:00,53.9
1989-11-07 00:00,22.3
1989-11-08 00:00,92.1
1989-11-09 00:00,16.2
1989-11-10 00:00,88.5
1989-11-11 00:00,63.4
1989-11-12 00:00,10.3
1989-11-13 00:00,13.0
1989-11-14 00:00,8.2
1989-11-15 00:00,14.3
1989-11-16 00:00,22.7
1989-11-17 00:00,0.0
1989-11-18 00:00,0.0
1989-11-19 00:00,0.0
1989-11-20 00:00,0.0
1989-11-21 00:00,12.6
1989-11-22 00:00,0.0
1989-11-23 00:00,0.0
1989-11-24 00:00,10.3
1989-11-25 00:00,27.2
1989-11-26 00:00,0.0
1989-11-27 00:00,0.0
1989-11-28 00:00,27.4
1989-11-29 00:00,0.0
1989-11-30 00:00,0.0
1989-12-01 00:00,0.0
1989-12-02 00:00,10.0
1989-12-03 00:00,48.9
1989-12-04 00:00,52.1
1989-12-05 00:00,28.2
1989-12-06 00:00,35.3
1989-12-07 00:00,16.2
1989-12-08 00:00,51.5
1989-12-09 00:00,10.1
1989-12-10 00:00,53.5
1989-12-11 00:00,10.6
1989-12-12 00:00,8.9
1989-12-13 00:00,0.0
1989-12-14 00:00,0.0
1989-12-15 00:00,0.0
1989-12-16 00:00,0.0
1989-12-17 00:00,0.0
1989-12-18 00:00,13.6
1989-12-19 00:00,0.0
1989-12-20 00:00,69.9
1989-12-21 00:00,0.0
1989-12-22 00:00,0.0
1989-12-23 00:00,0.0
1989-12-24 00:00,0.0
1989-12-25 00:00,14.8
1989-12-26 00:00,39.3
1989-12-27 00:00,0.0
1989-12-28 00:00,0.0
1989-12-29 00:00,12.7
1989-12-30 00:00,35.2
1989-12-31 00:00,21.8
1991-10-01 00:00,70.0
1991-10-02 00:00,20.0
1991-10-03 00:00,12.0
1991-10-04 00:00,36.0
1991-10-05 00:00,40.0
1991-10-06 00:00,9.0
1991-10-07 00:00,35.0
1991-10-08 00:00,48.0
1991-10-09 00:00,0.0
1991-10-10 00:00,8.0
1991-10-11 00:00,85.0
1991-10-12 00:00,40.0
1991-10-13 00:00,19.0
1991-10-14 00:00,0.0
1991-10-15 00:00,20.0
1991-10-16 00:00,4.0
1991-10-17 00:00,0.0
1991-10-18 00:00,0.0
1991-10-19 00:00,0.0
1991-10-20 00:00,0.0
1991-10-21 00:00,0.0
1991-10-22 00:00,0.0
1991-10-23 00:00,0.0
1991-10-24 00:00,16.0
1991-10-25 00:00,27.0
1991-10-26 00:00,23.0
1991-10-27 00:00,12.0
1991-10-28 00:00,36.0
1991-10-29 00:00,49.0
1991-10-30 00:00,0.0
1991-10-31 00:00,17.0
1991-11-01 00:00,0.0
1991-11-02 00:00,118.0
1991-11-03 00:00,45.0
1991-11-04 00:00,38.0
1991-11-05 00:00,14.0
1991-11-06 00:00,9.0
1991-11-07 00:00,28.0
1991-11-08 00:00,23.0
1991-11-09 00:00,40.0
1991-11-10 00:00,19.0
1991-11-11 00:00,36.0
1991-11-12 00:00,21.0
1991-11-13 00:00,143.0
1991-11-14 00:00,12.0
1991-11-15 00:00,18.0
1991-11-16 00:00,16.0
1991-11-17 00:00,43.0
1991-11-18 00:00,18.0
1991-11-19 00:00,20.0
1991-11-20 00:00,10.0
1991-11-21 00:00,30.0
1991-11-22 00:00,65.0
1991-11-23 00:00,68.0
1991-11-24 00:00,60.0
1991-11-25 00:00,0.0
1991-11-26 00:00,10.0
1991-11-27 00:00,55.0
1991-11-28 00:00,8.0
1991-11-29 00:00,10.0
1991-11-30 00:00,11.0
1991-12-01 00:00,25.0
1991-12-02 00:00,15.0
1991-12-03 00:00,8.0
1991-12-04 00:00,14.0
1991-12-05 00:00,25.0
1991-12-06 00:00,12.0
1991-12-07 00:00,40.0
1991-12-08 00:00,85.0
1991-12-09 00:00,18.0
1991-12-10 00:00,36.0
1991-12-11 00:00,8.0
1991-12-12 00:00,17.0
1991-12-13 00:00,52.0
1991-12-14 00:00,54.0
1991-12-15 00:00,13.0
1991-12-16 00:00,22.0
1991-12-17 00:00,21.0
1991-12-18 00:00,36.0
1991-12-19 00:00,9.0
1991-12-20 00:00,12.0
1991-12-21 00:00,44.0
1991-12-22 00:00,8.0
1991-12-23 00:00,18.0
1991-12-24 00:00,26.0
1991-12-25 00:00,38.0
1991-12-26 00:00,7.0
1991-12-27 00:00,36.0
1991-12-28 00:00,104.0
1991-12-29 00:00,62.0
1991-12-30 00:00,23.0
1991-12-31 00:00,5.0
1992-01-01 00:00,18.0
1992-01-02 00:00,75.0
1992-01-03 00:00,18.0
1992-01-04 00:00,68.0
1992-01-05 00:00,0.0
1992-01-06 00:00,5.0
1992-01-07 00:00,99.0
1992-01-08 00:00,0.0
1992-01-09 00:00,25.0
1992-01-10 00:00,42.0
1992-01-11 00:00,8.0
1992-01-12 00:00,0.0
1992-01-13 00:00,5.0
1992-01-14 00:00,3.0
1992-01-15 00:00,0.0
1992-01-16 00:00,0.0
1992-01-17 00:00,0.0
1992-01-18 00:00,0.0
1992-01-19 00:00,0.0
1992-01-20 00:00,40.0
1992-01-21 00:00,9.0
1992-01-22 00:00,19.0
1992-01-23 00:00,0.0
1992-01-24 00:00,23.0
1992-01-25 00:00,10.0
1992-01-26 00:00,26.0
1992-01-27 00:00,5.0
1992-01-28 00:00,3.0
1992-01-29 00:00,38.0
1992-01-30 00:00,16.0
1992-01-31 00:00,0.0
1992-02-01 00:00,0.0
1992-02-02 00:00,0.0
1992-02-03 00:00,0.0
1992-02-04 00:00,0.0
1992-02-05 00:00,0.0
1992-02-06 00:00,0.0
1992-02-07 00:00,42.0
1992-02-08 00:00,136.0
1992-02-09 00:00,5.0
1992-02-10 00:00,8.0
1992-02-11 00:00,25.0
1992-02-12 00:00,20.0
1992-02-13 00:00,0.0
1992-02-14 00:00,8.0
1992-02-15 00:00,85.0
1992-02-16 00:00,43.0
1992-02-17 00:00,10.0
1992-02-18 00:00,23.0
1992-02-19 00:00,13.0
1992-02-20 00:00,95.0
1992-02-21 00:00,55.0
1992-02-22 00:00,83.0
1992-02-23 00:00,0.0
1992-02-24 00:00,0.0
1992-02-25 00:00,0.0
1992-02-26 00:00,0.0
1992-02-27 00:00,13.0
1992-02-28 00:00,28.0
1992-02-29 00:00,26.0
1992-03-01 00:00,0.0
1992-03-02 00:00,0.0
1992-03-03 00:00,0.0
1992-03-04 00:00,44.0
1992-03-05 00:00,10.0
1992-03-06 00:00,30.0
1992-03-07 00:00,0.0
1992-03-08 00:00,28.0
1992-03-09 00:00,0.0
1992-03-10 00:00,0.0
1992-03-11 00:00,0.0
1992-03-12 00:00,20.0
1992-03-13 00:00,38.0
1992-03-14 00:00,40.0
1992-03-15 00:00,20.0
1992-03-16 00:00,4.0
1992-03-17 00:00,0.0
1992-03-18 00:00,0.0
1992-03-19 00:00,0.0
1992-03-20 00:00,0.0
1992-03-21 00:00,0.0
1992-03-22 00:00,0.0
1992-03-23 00:00,13.0
1992-03-24 00:00,40.0
1992-03-25 00:00,8.0
1992-03-26 00:00,0.0
1992-03-27 00:00,0.0
1992-03-28 00:00,55.0
1992-03-29 00:00,36.0
1992-03-30 00:00,55.0
1992-03-31 00:00,11.0
1992-04-01 00:00,0.0
1992-04-02 00:00,6.0
1992-04-03 00:00,32.0
1992-04-04 00:00,35.0
1992-04-05 00:00,10.0
1992-04-06 00:00,0.0
1992-04-07 00:00,0.0
1992-04-08 00:00,0.0
1992-04-09 00:00,0.0
1992-04-10 00:00,0.0
1992-04-11 00:00,25.0
1992-04-12 00:00,0.0
1992-04-13 00:00,25.0
1992-04-14 00:00,0.0
1992-04-15 00:00,10.0
1992-04-16 00:00,30.0
1992-04-17 00:00,12.0
1992-04-18 00:00,32.0
1992-04-19 00:00,0.0
1992-04-20 00:00,0.0
1992-04-21 00:00,0.0
1992-04-22 00:00,0.0
1992-04-23 00:00,0.0
1992-04-24 00:00,9.0
1992-04-25 00:00,0.0
1992-04-26 00:00,12.0
1992-04-27 00:00,18.0
1992-04-28 00:00,57.0
1992-04-29 00:00,60.0
1992-04-30 00:00,38.0
1992-05-01 00:00,122.0
1992-05-02 00:00,60.0
1992-05-03 00:00,0.0
1992-05-04 00:00,48.0
1992-05-05 00:00,23.0
1992-05-06 00:00,115.0
1992-05-07 00:00,0.0
1992-05-08 00:00,12.0
1992-05-09 00:00,0.0
1992-05-10 00:00,0.0
1992-05-11 00:00,60.0
1992-05-12 00:00,38.0
1992-05-13 00:00,12.0
1992-05-14 00:00,10.0
1992-05-15 00:00,0.0
1992-05-16 00:00,26.0
1992-05-17 00:00,0.0
1992-05-18 00:00,49.0
1992-05-19 00:00,29.0
1992-05-20 00:00,99.0
1992-05-21 00:00,13.0
1992-05-22 00:00,24.0
1992-05-23 00:00,154.0
1992-05-24 00:00,0.0
1992-05-25 00:00,0.0
1992-05-26 00:00,11.0
1992-05-27 00:00,8.0
1992-05-28 00:00,12.0
1992-05-29 00:00,33.0
1992-05-30 00:00,29.0
1992-05-31 00:00,0.0
1992-06-01 00:00,46.0
1992-06-02 00:00,9.0
1992-06-03 00:00,0.0
1992-06-04 00:00,0.0
1992-06-05 00:00,23.0
1992-06-06 00:00,17.0
1992-06-07 00:00,0.0
1992-06-08 00:00,4.0
1992-06-09 00:00,52.0
1992-06-10 00:00,0.0
1992-06-11 00:00,0.0
1992-06-12 00:00,0.0
1992-06-13 00:00,0.0
1992-06-14 00:00,0.0
1992-06-15 00:00,0.0
1992-06-16 00:00,0.0
1992-06-17 00:00,0.0
1992-06-18 00:00,0.0
1992-06-19 00:00,19.0
1992-06-20 00:00,71.0
1992-06-21 00:00,0.0
1992-06-22 00:00,0.0
1992-06-23 00:00,0.0
1992-06-24 00:00,0.0
1992-06-25 00:00,0.0
1992-06-26 00:00,0.0
1992-06-27 00:00,0.0
1992-06-28 00:00,9.0
1992-06-29 00:00,0.0
1992-06-30 00:00,0.0
1992-07-01 00:00,0.0
1992-07-02 00:00,0.0
1992-07-03 00:00,0.0
1992-07-04 00:00,0.0
1992-07-05 00:00,0.0
1992-07-06 00:00,0.0
1992-07-07 00:00,0.0
1992-07-08 00:00,0.0
1992-07-09 00:00,0.0
1992-07-10 00:00,0.0
1992-07-11 00:00,0.0
1992-07-12 00:00,20.0
1992-07-13 00:00,40.0
1992-07-14 00:00,5.0
1992-07-15 00:00,8.0
1992-07-16 00:00,0.0
1992-07-17 00:00,0.0
1992-07-18 00:00,0.0
1992-07-19 00:00,0.0
1992-07-20 00:00,0.0
1992-07-21 00:00,0.0
1992-07-22 00:00,0.0
1992-07-23 00:00,0.0
1992-07-24 00:00,0.0
1992-07-25 00:00,0.0
1992-07-26 00:00,0.0
1992-07-27 00:00,0.0
1992-07-28 00:00,0.0
1992-07-29 00:00,4.0
1992-07-30 00:00,1.0
1992-07-31 00:00,10.0
1992-08-01 00:00,0.0
1992-08-02 00:00,0.0
1992-08-03 00:00,0.0
1992-08-04 00:00,0.0
1992-08-05 00:00,0.0
1992-08-06 00:00,0.0
1992-08-07 00:00,5.0
1992-08-08 00:00,10.0
1992-08-09 00:00,20.0
1992-08-10 00:00,45.0
1992-08-11 00:00,0.0
1992-08-12 00:00,5.0
1992-08-13 00:00,0.0
1992-08-14 00:00,12.0
1992-08-15 00:00,45.0
1992-08-16 00:00,8.0
1992-08-17 00:00,0.0
1992-08-18 00:00,18.0
1992-08-19 00:00,30.0
1992-08-20 00:00,0.0
1992-08-21 00:00,0.0
1992-08-22 00:00,0.0
1992-08-23 00:00,0.0
1992-08-24 00:00,0.0
1992-08-25 00:00,0.0
1992-08-26 00:00,0.0
1992-08-27 00:00,25.0
1992-08-28 00:00,13.0
1992-08-29 00:00,65.0
1992-08-30 00:00,0.0
1992-08-31 00:00,5.0
1992-09-01 00:00,0.0
1992-09-02 00:00,0.0
1992-09-03 00:00,8.0
1992-09-04 00:00,3.0
1992-09-05 00:00,0.0
1992-09-06 00:00,0.0
1992-09-07 00:00,0.0
1992-09-08 00:00,0.0
1992-09-09 00:00,0.0
1992-09-10 00:00,0.0
1992-09-11 00:00,0.0
1992-09-12 00:00,10.0
1992-09-13 00:00,3.0
1992-09-14 00:00,45.0
1992-09-15 00:00,5.0
1992-09-16 00:00,116.0
1992-09-17 00:00,15.0
1992-09-18 00:00,8.0
1992-09-19 00:00,30.0
1992-09-20 00:00,42.0
1992-09-21 00:00,0.0
1992-09-22 00:00,39.0
1992-09-23 00:00,68.0
1992-09-24 00:00,8.0
1992-09-25 00:00,4.0
1992-09-26 00:00,43.0
1992-09-27 00:00,0.0
1992-09-28 00:00,0.0
1992-09-29 00:00,0.0
1992-09-30 00:00,25.0
1992-10-01 00:00,38.0
1992-10-02 00:00,3.0
1992-10-03 00:00,0.0
1992-10-04 00:00,90.0
1992-10-05 00:00,0.0
1992-10-06 00:00,4.0
1992-10-07 00:00,0.0
1992-10-08 00:00,0.0
1992-10-09 00:00,24.0
1992-10-10 00:00,34.0
1992-10-11 00:00,19.0
1992-10-12 00:00,0.0
1992-10-13 00:00,0.0
1992-10-14 00:00,0.0
1992-10-15 00:00,0.0
1992-10-16 00:00,33.0
1992-10-17 00:00,27.0
1992-10-18 00:00,0.0
1992-10-19 00:00,25.0
1992-10-20 00:00,52.0
1992-10-21 00:00,0.0
1992-10-22 00:00,0.0
1992-10-23 00:00,0.0
1992-10-24 00:00,2.0
1992-10-25 00:00,0.0
1992-10-26 00:00,10.0
1992-10-27 00:00,0.0
1992-10-28 00:00,57.0
1992-10-29 00:00,110.0
1992-10-30 00:00,52.0
1992-10-31 00:00,0.0
1992-11-01 00:00,19.0
1992-11-02 00:00,98.0
1992-11-03 00:00,0.0
1992-11-04 00:00,88.0
1992-11-05 00:00,0.0
1992-11-06 00:00,8.0
1992-11-07 00:00,0.0
1992-11-08 00:00,0.0
1992-11-09 00:00,56.0
1992-11-10 00:00,38.0
1992-11-11 00:00,10.0
1992-11-12 00:00,22.0
1992-11-13 00:00,32.0
1992-11-14 00:00,0.0
1992-11-15 00:00,14.0
1992-11-16 00:00,26.0
1992-11-17 00:00,15.0
1992-11-18 00:00,9.0
1992-11-19 00:00,4.0
1992-11-20 00:00,48.0
1992-11-21 00:00,0.0
1992-11-22 00:00,41.0
1992-11-23 00:00,0.0
1992-11-24 00:00,88.0
1992-11-25 00:00,130.0
1992-11-26 00:00,45.0
1992-11-27 00:00,82.0
1992-11-28 00:00,43.0
1992-11-29 00:00,33.0
1992-11-30 00:00,3.0
1992-12-01 00:00,16.0
1992-12-02 00:00,25.0
1992-12-03 00:00,45.0
1992-12-04 00:00,0.0
1992-12-05 00:00,12.0
1992-12-06 00:00,7.0
1992-12-07 00:00,85.0
1992-12-08 00:00,35.0
1992-12-09 00:00,39.0
1992-12-10 00:00,68.0
1992-12-11 00:00,20.0
1992-12-12 00:00,51.0
1992-12-13 00:00,0.0
1992-12-14 00:00,16.0
1992-12-15 00:00,19.0
1992-12-16 00:00,12.0
1992-12-17 00:00,15.0
1992-12-18 00:00,3.0
1992-12-19 00:00,0.0
1992-12-20 00:00,0.0
1992-12-21 00:00,8.0
1992-12-22 00:00,12.0
1992-12-23 00:00,0.0
1992-12-24 00:00,15.0
1992-12-25 00:00,8.0
1992-12-26 00:00,39.0
1992-12-27 00:00,51.0
1992-12-28 00:00,101.0
1992-12-29 00:00,82.0
1992-12-30 00:00,48.0
1992-12-31 00:00,33.0
1993-01-01 00:00,55.0
1993-01-02 00:00,3.0
1993-01-03 00:00,10.0
1993-01-04 00:00,23.0
1993-01-05 00:00,15.0
1993-01-06 00:00,8.0
1993-01-07 00:00,22.0
1993-01-08 00:00,12.0
1993-01-09 00:00,18.0
1993-01-10 00:00,38.0
1993-01-11 00:00,42.0
1993-01-12 00:00,12.0
1993-01-13 00:00,25.0
1993-01-14 00:00,10.0
1993-01-15 00:00,29.0
1993-01-16 00:00,0.0
1993-01-17 00:00,0.0
1993-01-18 00:00,0.0
1993-01-19 00:00,8.0
1993-01-20 00:00,10.0
1993-01-21 00:00,35.0
1993-01-22 00:00,3.0
1993-01-23 00:00,0.0
1993-01-24 00:00,14.0
1993-01-25 00:00,0.0
1993-01-26 00:00,0.0
1993-01-27 00:00,13.0
1993-01-28 00:00,20.0
1993-01-29 00:00,18.0
1993-01-30 00:00,58.0
1993-01-31 00:00,0.0
1993-02-01 00:00,20.0
1993-02-02 00:00,119.0
1993-02-03 00:00,28.0
1993-02-04 00:00,2.0
1993-02-05 00:00,0.0
1993-02-06 00:00,18.0
1993-02-07 00:00,49.0
1993-02-08 00:00,34.0
1993-02-09 00:00,23.0
1993-02-10 00:00,6.0
1993-02-11 00:00,42.0
1993-02-12 00:00,26.0
1993-02-13 00:00,8.0
1993-02-14 00:00,0.0
1993-02-15 00:00,0.0
1993-02-16 00:00,0.0
1993-02-17 00:00,0.0
1993-02-18 00:00,49.0
1993-02-19 00:00,0.0
1993-02-20 00:00,0.0
1993-02-21 00:00,0.0
1993-02-22 00:00,0.0
1993-02-23 00:00,39.0
1993-02-24 00:00,101.0
1993-02-25 00:00,12.0
1993-02-26 00:00,45.0
1993-02-27 00:00,19.0
1993-02-28 00:00,21.0
1993-03-01 00:00,0.0
1993-03-02 00:00,0.0
1993-03-03 00:00,8.0
1993-03-04 00:00,12.0
1993-03-05 00:00,99.0
1993-03-06 00:00,0.0
1993-03-07 00:00,19.0
1993-03-08 00:00,0.0
1993-03-09 00:00,0.0
1993-03-10 00:00,0.0
1993-03-11 00:00,0.0
1993-03-12 00:00,0.0
1993-03-13 00:00,0.0
1993-03-14 00:00,0.0
1993-03-15 00:00,0.0
1993-03-16 00:00,0.0
1993-03-17 00:00,0.0
1993-03-18 00:00,0.0
1993-03-19 00:00,36.0
1993-03-20 00:00,98.0
1993-03-21 00:00,14.0
1993-03-22 00:00,23.0
1993-03-23 00:00,36.0
1993-03-24 00:00,138.0
1993-03-25 00:00,0.0
1993-03-26 00:00,10.0
1993-03-27 00:00,64.0
1993-03-28 00:00,0.0
1993-03-29 00:00,0.0
1993-03-30 00:00,7.0
1993-03-31 00:00,19.0
1993-04-01 00:00,8.0
1993-04-02 00:00,0.0
1993-04-03 00:00,14.0
1993-04-04 00:00,18.0
1993-04-05 00:00,22.0
1993-04-06 00:00,72.0
1993-04-07 00:00,12.0
1993-04-08 00:00,39.0
1993-04-09 00:00,28.0
1993-04-10 00:00,48.0
1993-04-11 00:00,100.0
1993-04-12 00:00,0.0
1993-04-13 00:00,10.0
1993-04-14 00:00,12.0
1993-04-15 00:00,15.0
1993-04-16 00:00,0.0
1993-04-17 00:00,23.0
1993-04-18 00:00,0.0
1993-04-19 00:00,40.0
1993-04-20 00:00,38.0
1993-04-21 00:00,40.0
1993-04-22 00:00,0.0
1993-04-23 00:00,12.0
1993-04-24 00:00,10.0
1993-04-25 00:00,18.0
1993-04-26 00:00,120.0
1993-04-27 00:00,30.0
1993-04-28 00:00,123.0
1993-04-29 00:00,100.0
1993-04-30 00:00,18.0
1993-05-01 00:00,0.0
1993-05-02 00:00,12.0
1993-05-03 00:00,30.0
1993-05-04 00:00,78.0
1993-05-05 00:00,9.0
1993-05-06 00:00,103.0
1993-05-07 00:00,34.0
1993-05-08 00:00,3.0
1993-05-09 00:00,65.0
1993-05-10 00:00,6.5
1993-05-11 00:00,6.0
1993-05-12 00:00,24.0
1993-05-13 00:00,23.0
1993-05-14 00:00,10.0
1993-05-15 00:00,0.0
1993-05-16 00:00,0.0
1993-05-17 00:00,0.0
1993-05-18 00:00,0.0
1993-05-19 00:00,0.0
1993-05-20 00:00,8.0
1993-05-21 00:00,19.0
1993-05-22 00:00,22.0
1993-05-23 00:00,12.0
1993-05-24 00:00,113.0
1993-05-25 00:00,102.0
1993-05-26 00:00,4.0
1993-05-27 00:00,32.0
1993-05-28 00:00,0.0
1993-05-29 00:00,0.0
1993-05-30 00:00,38.0
1993-05-31 00:00,0.0
1993-06-01 00:00,0.0
1993-06-02 00:00,0.0
1993-06-03 00:00,0.0
1993-06-04 00:00,0.0
1993-06-05 00:00,0.0
1993-06-06 00:00,0.0
1993-06-07 00:00,6.0
1993-06-08 00:00,0.0
1993-06-09 00:00,0.0
1993-06-10 00:00,0.0
1993-06-11 00:00,0.0
1993-06-12 00:00,0.0
1993-06-13 00:00,0.0
1993-06-14 00:00,6.0
1993-06-15 00:00,0.0
1993-06-16 00:00,0.0
1993-06-17 00:00,0.0
1993-06-18 00:00,0.0
1993-06-19 00:00,3.0
1993-06-20 00:00,0.0
1993-06-21 00:00,0.0
1993-06-22 00:00,0.0
1993-06-23 00:00,0.0
1993-06-24 00:00,0.0
1993-06-25 00:00,0.0
1993-06-26 00:00,67.0
1993-06-27 00:00,4.0
1993-06-28 00:00,0.0
1993-06-29 00:00,0.0
1993-06-30 00:00,2.0
1993-07-01 00:00,132.0
1993-07-02 00:00,33.0
1993-07-03 00:00,0.0
1993-07-04 00:00,77.0
1993-07-05 00:00,8.0
1993-07-06 00:00,0.0
1993-07-07 00:00,0.0
1993-07-08 00:00,15.0
1993-07-09 00:00,43.0
1993-07-10 00:00,23.0
1993-07-11 00:00,0.0
1993-07-12 00:00,0.0
1993-07-13 00:00,0.0
1993-07-14 00:00,0.0
1993-07-15 00:00,0.0
1993-07-16 00:00,0.0
1993-07-17 00:00,0.0
1993-07-18 00:00,0.0
1993-07-19 00:00,0.0
1993-07-20 00:00,7.0
1993-07-21 00:00,0.0
1993-07-22 00:00,0.0
1993-07-23 00:00,0.0
1993-07-24 00:00,71.0
1993-07-25 00:00,3.0
1993-07-26 00:00,0.0
1993-07-27 00:00,0.0
1993-07-28 00:00,0.0
1993-07-29 00:00,0.0
1993-07-30 00:00,0.0
1993-07-31 00:00,0.0
1993-08-01 00:00,0.0
1993-08-02 00:00,0.0
1993-08-03 00:00,0.0
1993-08-04 00:00,0.0
1993-08-05 00:00,0.0
1993-08-06 00:00,0.0
1993-08-07 00:00,0.0
1993-08-08 00:00,10.0
1993-08-09 00:00,36.0
1993-08-10 00:00,73.0
1993-08-11 00:00,0.0
1993-08-12 00:00,0.0
1993-08-13 00:00,0.0
1993-08-14 00:00,4.0
1993-08-15 00:00,23.0
1993-08-16 00:00,18.0
1993-08-17 00:00,34.0
1993-08-18 00:00,23.0
1993-08-19 00:00,0.0
1993-08-20 00:00,0.0
1993-08-21 00:00,0.0
1993-08-22 00:00,0.0
1993-08-23 00:00,14.0
1993-08-24 00:00,41.0
1993-08-25 00:00,35.0
1993-08-26 00:00,0.0
1993-08-27 00:00,24.0
1993-08-28 00:00,60.0
1993-08-29 00:00,0.0
1993-08-30 00:00,28.0
1993-08-31 00:00,38.0
1993-09-01 00:00,44.0
1993-09-02 00:00,6.0
1993-09-03 00:00,10.0
1993-09-04 00:00,26.0
1993-09-05 00:00,110.0
1993-09-06 00:00,88.0
1993-09-07 00:00,10.0
1993-09-08 00:00,18.0
1993-09-09 00:00,6.0
1993-09-10 00:00,0.0
1993-09-11 00:00,96.0
1993-09-12 00:00,25.0
1993-09-13 00:00,37.0
1993-09-14 00:00,10.0
1993-09-15 00:00,14.0
1993-09-16 00:00,7.0
1993-09-17 00:00,48.0
1993-09-18 00:00,14.0
1993-09-19 00:00,13.0
1993-09-20 00:00,38.0
1993-09-21 00:00,8.0
1993-09-22 00:00,0.0
1993-09-23 00:00,0.0
1993-09-24 00:00,0.0
1993-09-25 00:00,89.0
1993-09-26 00:00,16.0
1993-09-27 00:00,38.0
1993-09-28 00:00,43.0
1993-09-29 00:00,73.0
1993-09-30 00:00,53.0
1993-10-01 00:00,0.0
1993-10-02 00:00,0.0
1993-10-03 00:00,0.0
1993-10-04 00:00,0.0
1993-10-05 00:00,0.0
1993-10-06 00:00,7.0
1993-10-07 00:00,68.0
1993-10-08 00:00,41.0
1993-10-09 00:00,36.0
1993-10-10 00:00,0.0
1993-10-11 00:00,3.0
1993-10-12 00:00,25.0
1993-10-13 00:00,8.0
1993-10-14 00:00,0.0
1993-10-15 00:00,3.0
1993-10-16 00:00,10.0
1993-10-17 00:00,14.0
1993-10-18 00:00,16.0
1993-10-19 00:00,0.0
1993-10-20 00:00,89.0
1993-10-21 00:00,0.0
1993-10-22 00:00,14.0
1993-10-23 00:00,25.0
1993-10-24 00:00,25.0
1993-10-25 00:00,12.0
1993-10-26 00:00,43.0
1993-10-27 00:00,28.0
1993-10-28 00:00,72.0
1993-10-29 00:00,10.0
1993-10-30 00:00,58.0
1993-10-31 00:00,35.0
1993-11-01 00:00,45.0
1993-11-02 00:00,38.0
1993-11-03 00:00,69.0
1993-11-04 00:00,7.0
1993-11-05 00:00,5.0
1993-11-06 00:00,24.0
1993-11-07 00:00,48.0
1993-11-08 00:00,16.0
1993-11-09 00:00,38.0
1993-11-10 00:00,35.0
1993-11-11 00:00,23.0
1993-11-12 00:00,19.0
1993-11-13 00:00,93.0
1993-11-14 00:00,48.0
1993-11-15 00:00,14.0
1993-11-16 00:00,23.0
1993-11-17 00:00,12.0
1993-11-18 00:00,20.0
1993-11-19 00:00,30.0
1993-11-20 00:00,23.0
1993-11-21 00:00,110.0
1993-11-22 00:00,0.0
1993-11-23 00:00,104.0
1993-11-24 00:00,58.0
1993-11-25 00:00,22.0
1993-11-26 00:00,30.0
1993-11-27 00:00,43.0
1993-11-28 00:00,62.0
1993-11-29 00:00,0.0
1993-11-30 00:00,41.0
1993-12-01 00:00,26.0
1993-12-02 00:00,9.0
1993-12-03 00:00,11.0
1993-12-04 00:00,0.0
1993-12-05 00:00,27.0
1993-12-06 00:00,34.0
1993-12-07 00:00,21.0
1993-12-08 00:00,26.0
1993-12-09 00:00,48.0
1993-12-10 00:00,12.0
1993-12-11 00:00,36.0
1993-12-12 00:00,48.0
1993-12-13 00:00,122.0
1993-12-14 00:00,130.0
1993-12-15 00:00,33.0
1993-12-16 00:00,3.0
1993-12-17 00:00,63.0
1993-12-18 00:00,40.0
1993-12-19 00:00,39.0
1993-12-20 00:00,70.0
1993-12-21 00:00,42.0
1993-12-22 00:00,10.0
1993-12-23 00:00,69.0
1993-12-24 00:00,24.0
1993-12-25 00:00,36.0
1993-12-26 00:00,0.0
1993-12-27 00:00,102.0
1993-12-28 00:00,49.0
1993-12-29 00:00,10.0
1993-12-30 00:00,8.0
1993-12-31 00:00,0.0
1994-01-01 00:00,23.0
1994-01-02 00:00,70.0
1994-01-03 00:00,64.0
1994-01-04 00:00,10.0
1994-01-05 00:00,3.0
1994-01-06 00:00,15.0
1994-01-07 00:00,8.0
1994-01-08 00:00,33.0
1994-01-09 00:00,12.0
1994-01-10 00:00,18.0
1994-01-11 00:00,70.0
1994-01-12 00:00,20.0
1994-01-13 00:00,36.0
1994-01-14 00:00,42.0
1994-01-15 00:00,22.0
1994-01-16 00:00,21.0
1994-01-17 00:00,26.0
1994-01-18 00:00,3.0
1994-01-19 00:00,5.0
1994-01-20 00:00,2.0
1994-01-21 00:00,0.0
1994-01-22 00:00,5.0
1994-01-23 00:00,0.0
1994-01-24 00:00,0.0
1994-01-25 00:00,0.0
1994-01-26 00:00,0.0
1994-01-27 00:00,115.0
1994-01-28 00:00,12.0
1994-01-29 00:00,103.0
1994-01-30 00:00,22.0
1994-01-31 00:00,0.0
1994-02-01 00:00,0.0
1994-02-02 00:00,58.0
1994-02-03 00:00,49.0
1994-02-04 00:00,43.0
1994-02-05 00:00,52.0
1994-02-06 00:00,89.0
1994-02-07 00:00,0.0
1994-02-08 00:00,0.0
1994-02-09 00:00,0.0
1994-02-10 00:00,7.0
1994-02-11 00:00,12.0
1994-02-12 00:00,9.0
1994-02-13 00:00,7.0
1994-02-14 00:00,10.0
1994-02-15 00:00,39.0
1994-02-16 00:00,0.0
1994-02-17 00:00,19.0
1994-02-18 00:00,7.0
1994-02-19 00:00,89.0
1994-02-20 00:00,107.0
1994-02-21 00:00,40.0
1994-02-22 00:00,55.0
1994-02-23 00:00,32.0
1994-02-24 00:00,98.0
1994-02-25 00:00,88.0
1994-02-26 00:00,39.0
1994-02-27 00:00,109.0
1994-02-28 00:00,15.0
1994-03-01 00:00,77.0
1994-03-02 00:00,20.0
1994-03-03 00:00,13.0
1994-03-04 00:00,80.0
1994-03-05 00:00,24.0
1994-03-06 00:00,0.0
1994-03-07 00:00,35.0
1994-03-08 00:00,53.0
1994-03-09 00:00,78.0
1994-03-10 00:00,123.0
1994-03-11 00:00,49.0
1994-03-12 00:00,110.0
1994-03-13 00:00,73.0
1994-03-14 00:00,12.0
1994-03-15 00:00,35.0
1994-03-16 00:00,64.0
1994-03-17 00:00,16.0
1994-03-18 00:00,79.0
1994-03-19 00:00,68.0
1994-03-20 00:00,6.0
1994-03-21 00:00,25.0
1994-03-22 00:00,0.0
1994-03-23 00:00,0.0
1994-03-24 00:00,0.0
1994-03-25 00:00,3.0
1994-03-26 00:00,59.0
1994-03-27 00:00,3.0
1994-03-28 00:00,68.0
1994-03-29 00:00,39.0
1994-03-30 00:00,80.0
1994-03-31 00:00,28.0
1994-04-01 00:00,54.0
1994-04-02 00:00,10.0
1994-04-03 00:00,17.0
1994-04-04 00:00,13.0
1994-04-05 00:00,43.0
1994-04-06 00:00,10.0
1994-04-07 00:00,12.0
1994-04-08 00:00,32.0
1994-04-09 00:00,56.0
1994-04-10 00:00,35.0
1994-04-11 00:00,65.0
1994-04-12 00:00,30.0
1994-04-13 00:00,13.0
1994-04-14 00:00,24.0
1994-04-15 00:00,3.0
1994-04-16 00:00,0.0
1994-04-17 00:00,0.0
1994-04-18 00:00,98.0
1994-04-19 00:00,17.0
1994-04-20 00:00,2.0
1994-04-21 00:00,9.0
1994-04-22 00:00,0.0
1994-04-23 00:00,12.0
1994-04-24 00:00,78.0
1994-04-25 00:00,103.0
1994-04-26 00:00,16.0
1994-04-27 00:00,5.0
1994-04-28 00:00,75.0
1994-04-29 00:00,26.0
1994-04-30 00:00,24.0
1994-05-01 00:00,8.0
1994-05-02 00:00,44.0
1994-05-03 00:00,0.0
1994-05-04 00:00,55.0
1994-05-05 00:00,0.0
1994-05-06 00:00,12.0
1994-05-07 00:00,3.0
1994-05-08 00:00,10.0
1994-05-09 00:00,35.0
1994-05-10 00:00,15.0
1994-05-11 00:00,0.0
1994-05-12 00:00,54.0
1994-05-13 00:00,9.0
1994-05-14 00:00,26.0
1994-05-15 00:00,23.0
1994-05-16 00:00,32.0
1994-05-17 00:00,134.0
1994-05-18 00:00,39.0
1994-05-19 00:00,3.0
1994-05-20 00:00,0.0
1994-05-21 00:00,0.0
1994-05-22 00:00,59.0
1994-05-23 00:00,0.0
1994-05-24 00:00,79.0
1994-05-25 00:00,49.0
1994-05-26 00:00,0.0
1994-05-27 00:00,14.0
1994-05-28 00:00,3.0
1994-05-29 00:00,59.0
1994-05-30 00:00,99.0
1994-05-31 00:00,30.0
1994-06-01 00:00,0.0
1994-06-02 00:00,0.0
1994-06-03 00:00,14.0
1994-06-04 00:00,5.0
1994-06-05 00:00,0.0
1994-06-06 00:00,15.0
1994-06-07 00:00,0.0
1994-06-08 00:00,0.0
1994-06-09 00:00,0.0
1994-06-10 00:00,0.0
1994-06-11 00:00,0.0
1994-06-12 00:00,49.0
1994-06-13 00:00,0.0
1994-06-14 00:00,0.0
1994-06-15 00:00,0.0
1994-06-16 00:00,0.0
1994-06-17 00:00,0.0
1994-06-18 00:00,0.0
1994-06-19 00:00,0.0
1994-06-20 00:00,39.0
1994-06-21 00:00,29.0
1994-06-22 00:00,2.0
1994-06-23 00:00,0.0
1994-06-24 00:00,0.0
1994-06-25 00:00,10.0
1994-06-26 00:00,0.0
1994-06-27 00:00,0.0
1994-06-28 00:00,0.0
1994-06-29 00:00,0.0
1994-06-30 00:00,0.0
1994-07-01 00:00,0.0
1994-07-02 00:00,0.0
1994-07-03 00:00,5.0
1994-07-04 00:00,38.0
1994-07-05 00:00,66.0
1994-07-06 00:00,66.0
1994-07-07 00:00,0.0
1994-07-08 00:00,0.0
1994-07-09 00:00,0.0
1994-07-10 00:00,0.0
1994-07-11 00:00,0.0
1994-07-12 00:00,0.0
1994-07-13 00:00,0.0
1994-07-14 00:00,0.0
1994-07-15 00:00,0.0
1994-07-16 00:00,0.0
1994-07-17 00:00,0.0
1994-07-18 00:00,0.0
1994-07-19 00:00,9.0
1994-07-20 00:00,22.0
1994-07-21 00:00,4.0
1994-07-22 00:00,0.0
1994-07-23 00:00,0.0
1994-07-24 00:00,0.0
1994-07-25 00:00,3.0
1994-07-26 00:00,30.0
1994-07-27 00:00,0.0
1994-07-28 00:00,0.0
1994-07-29 00:00,0.0
1994-07-30 00:00,33.0
1994-07-31 00:00,0.0
1994-08-01 00:00,29.0
1994-08-02 00:00,0.0
1994-08-03 00:00,0.0
1994-08-04 00:00,0.0
1994-08-05 00:00,0.0
1994-08-06 00:00,0.0
1994-08-07 00:00,0.0
1994-08-08 00:00,0.0
1994-08-09 00:00,39.0
1994-08-10 00:00,0.0
1994-08-11 00:00,0.0
1994-08-12 00:00,0.0
1994-08-13 00:00,23.0
1994-08-14 00:00,0.0
1994-08-15 00:00,0.0
1994-08-16 00:00,0.0
1994-08-17 00:00,10.0
1994-08-18 00:00,0.0
1994-08-19 00:00,0.0
1994-08-20 00:00,0.0
1994-08-21 00:00,0.0
1994-08-22 00:00,49.0
1994-08-23 00:00,9.0
1994-08-24 00:00,0.0
1994-08-25 00:00,0.0
1994-08-26 00:00,0.0
1994-08-27 00:00,0.0
1994-08-28 00:00,0.0
1994-08-29 00:00,4.0
1994-08-30 00:00,0.0
1994-08-31 00:00,5.0
1994-09-01 00:00,0.3
1994-09-02 00:00,0.0
1994-09-03 00:00,0.0
1994-09-04 00:00,0.0
1994-09-05 00:00,0.0
1994-09-06 00:00,0.0
1994-09-07 00:00,0.0
1994-09-08 00:00,58.0
1994-09-09 00:00,0.0
1994-09-10 00:00,0.0
1994-09-11 00:00,0.0
1994-09-12 00:00,19.0
1994-09-13 00:00,0.0
1994-09-14 00:00,0.0
1994-09-15 00:00,0.0
1994-09-16 00:00,0.0
1994-09-17 00:00,11.0
1994-09-18 00:00,0.0
1994-09-19 00:00,20.0
1994-09-20 00:00,129.0
1994-09-21 00:00,10.0
1994-09-22 00:00,98.0
1994-09-23 00:00,31.0
1994-09-24 00:00,7.0
1994-09-25 00:00,69.0
1994-09-26 00:00,38.0
1994-09-27 00:00,17.0
1994-09-28 00:00,16.0
1994-09-29 00:00,130.0
1994-09-30 00:00,0.0
1994-10-01 00:00,20.0
1994-10-02 00:00,3.0
1994-10-03 00:00,0.0
1994-10-04 00:00,3.0
1994-10-05 00:00,43.0
1994-10-06 00:00,31.0
1994-10-07 00:00,0.0
1994-10-08 00:00,6.0
1994-10-09 00:00,16.0
1994-10-10 00:00,9.0
1994-10-11 00:00,19.0
1994-10-12 00:00,5.0
1994-10-13 00:00,29.0
1994-10-14 00:00,22.0
1994-10-15 00:00,45.0
1994-10-16 00:00,0.0
1994-10-17 00:00,8.0
1994-10-18 00:00,13.0
1994-10-19 00:00,29.0
1994-10-20 00:00,29.0
1994-10-21 00:00,48.0
1994-10-22 00:00,38.0
1994-10-23 00:00,20.0
1994-10-24 00:00,25.0
1994-10-25 00:00,12.0
1994-10-26 00:00,20.0
1994-10-27 00:00,33.0
1994-10-28 00:00,42.0
1994-10-29 00:00,0.0
1994-10-30 00:00,0.0
1994-10-31 00:00,0.0
1994-11-01 00:00,28.0
1994-11-02 00:00,97.0
1994-11-03 00:00,18.0
1994-11-04 00:00,33.0
1994-11-05 00:00,14.0
1994-11-06 00:00,128.0
1994-11-07 00:00,9.0
1994-11-08 00:00,8.0
1994-11-09 00:00,0.0
1994-11-10 00:00,17.0
1994-11-11 00:00,0.0
1994-11-12 00:00,22.0
1994-11-13 00:00,10.0
1994-11-14 00:00,135.0
1994-11-15 00:00,9.0
1994-11-16 00:00,36.0
1994-11-17 00:00,22.0
1994-11-18 00:00,20.0
1994-11-19 00:00,61.0
1994-11-20 00:00,17.0
1994-11-21 00:00,25.0
1994-11-22 00:00,0.0
1994-11-23 00:00,0.0
1994-11-24 00:00,51.0
1994-11-25 00:00,118.0
1994-11-26 00:00,3.0
1994-11-27 00:00,27.0
1994-11-28 00:00,50.0
1994-11-29 00:00,6.0
1994-11-30 00:00,35.0
1994-12-01 00:00,10.0
1994-12-02 00:00,74.0
1994-12-03 00:00,27.0
1994-12-04 00:00,78.0
1994-12-05 00:00,73.0
1994-12-06 00:00,0.0
1994-12-07 00:00,13.0
1994-12-08 00:00,0.0
1994-12-09 00:00,0.0
1994-12-10 00:00,0.0
1994-12-11 00:00,0.0
1994-12-12 00:00,50.0
1994-12-13 00:00,0.0
1994-12-14 00:00,32.0
1994-12-15 00:00,10.0
1994-12-16 00:00,33.0
1994-12-17 00:00,107.0
1994-12-18 00:00,77.0
1994-12-19 00:00,145.0
1994-12-20 00:00,20.0
1994-12-21 00:00,10.0
1994-12-22 00:00,19.0
1994-12-23 00:00,28.0
1994-12-24 00:00,12.0
1994-12-25 00:00,10.0
1994-12-26 00:00,80.0
1994-12-27 00:00,10.0
1994-12-28 00:00,0.0
1994-12-29 00:00,0.0
1994-12-30 00:00,0.0
1994-12-31 00:00,8.0
1995-01-01 00:00,32.0
1995-01-02 00:00,0.0
1995-01-03 00:00,40.0
1995-01-04 00:00,0.0
1995-01-05 00:00,0.0
1995-01-06 00:00,0.0
1995-01-07 00:00,0.0
1995-01-08 00:00,0.0
1995-01-09 00:00,0.0
1995-01-10 00:00,0.0
1995-01-11 00:00,0.0
1995-01-12 00:00,0.0
1995-01-13 00:00,0.0
1995-01-14 00:00,0.0
1995-01-15 00:00,80.0
1995-01-16 00:00,81.0
1995-01-17 00:00,3.0
1995-01-18 00:00,20.0
1995-01-19 00:00,24.0
1995-01-20 00:00,0.0
1995-01-21 00:00,0.0
1995-01-22 00:00,0.0
1995-01-23 00:00,0.0
1995-01-24 00:00,60.0
1995-01-25 00:00,0.0
1995-01-26 00:00,0.0
1995-01-27 00:00,22.0
1995-01-28 00:00,20.0
1995-01-29 00:00,13.0
1995-01-30 00:00,0.0
1995-01-31 00:00,0.0
1995-02-01 00:00,0.0
1995-02-02 00:00,0.0
1995-02-03 00:00,10.0
1995-02-04 00:00,0.0
1995-02-05 00:00,0.0
1995-02-06 00:00,0.0
1995-02-07 00:00,0.0
1995-02-08 00:00,0.0
1995-02-09 00:00,0.0
1995-02-10 00:00,0.0
1995-02-11 00:00,0.0
1995-02-12 00:00,0.0
1995-02-13 00:00,0.0
1995-02-14 00:00,0.0
1995-02-15 00:00,0.0
1995-02-16 00:00,0.0
1995-02-17 00:00,0.0
1995-02-18 00:00,0.0
1995-02-19 00:00,0.0
1995-02-20 00:00,80.0
1995-02-21 00:00,38.0
1995-02-22 00:00,18.0
1995-02-23 00:00,10.0
1995-02-24 00:00,28.0
1995-02-25 00:00,36.0
1995-02-26 00:00,0.0
1995-02-27 00:00,0.0
1995-02-28 00:00,3.0
1995-03-01 00:00,0.0
1995-03-02 00:00,0.0
1995-03-03 00:00,0.0
1995-03-04 00:00,0.0
1995-03-05 00:00,0.0
1995-03-06 00:00,0.0
1995-03-07 00:00,0.0
1995-03-08 00:00,0.0
1995-03-09 00:00,17.0
1995-03-10 00:00,30.0
1995-03-11 00:00,54.0
1995-03-12 00:00,37.0
1995-03-13 00:00,20.0
1995-03-14 00:00,32.0
1995-03-15 00:00,23.0
1995-03-16 00:00,3.0
1995-03-17 00:00,14.0
1995-03-18 00:00,29.0
1995-03-19 00:00,103.0
1995-03-20 00:00,54.0
1995-03-21 00:00,10.0
1995-03-22 00:00,90.0
1995-03-23 00:00,12.0
1995-03-24 00:00,15.0
1995-03-25 00:00,8.0
1995-03-26 00:00,12.0
1995-03-27 00:00,40.0
1995-03-28 00:00,25.0
1995-03-29 00:00,34.0
1995-03-30 00:00,17.0
1995-03-31 00:00,90.0
1995-04-01 00:00,13.0
1995-04-02 00:00,9.0
1995-04-03 00:00,0.0
1995-04-04 00:00,0.0
1995-04-05 00:00,12.0
1995-04-06 00:00,4.0
1995-04-07 00:00,70.0
1995-04-08 00:00,35.0
1995-04-09 00:00,35.0
1995-04-10 00:00,40.0
1995-04-11 00:00,4.0
1995-04-12 00:00,25.0
1995-04-13 00:00,46.0
1995-04-14 00:00,78.0
1995-04-15 00:00,135.0
1995-04-16 00:00,28.0
1995-04-17 00:00,24.0
1995-04-18 00:00,43.0
1995-04-19 00:00,4.0
1995-04-20 00:00,8.0
1995-04-21 00:00,6.0
1995-04-22 00:00,12.0
1995-04-23 00:00,0.0
1995-04-24 00:00,0.0
1995-04-25 00:00,0.0
1995-04-26 00:00,89.0
1995-04-27 00:00,0.0
1995-04-28 00:00,13.0
1995-04-29 00:00,12.0
1995-04-30 00:00,44.0
1995-05-01 00:00,5.0
1995-05-02 00:00,12.0
1995-05-03 00:00,25.0
1995-05-04 00:00,10.0
1995-05-05 00:00,88.0
1995-05-06 00:00,55.0
1995-05-07 00:00,59.0
1995-05-08 00:00,19.0
1995-05-09 00:00,0.0
1995-05-10 00:00,0.0
1995-05-11 00:00,0.0
1995-05-12 00:00,0.0
1995-05-13 00:00,15.0
1995-05-14 00:00,0.0
1995-05-15 00:00,99.0
1995-05-16 00:00,139.0
1995-05-17 00:00,7.0
1995-05-18 00:00,93.0
1995-05-19 00:00,0.0
1995-05-20 00:00,8.0
1995-05-21 00:00,3.7
1995-05-22 00:00,5.0
1995-05-23 00:00,34.0
1995-05-24 00:00,35.0
1995-05-25 00:00,43.0
1995-05-26 00:00,87.0
1995-05-27 00:00,26.0
1995-05-28 00:00,81.0
1995-05-29 00:00,39.0
1995-05-30 00:00,49.0
1995-05-31 00:00,0.0
1995-06-01 00:00,0.0
1995-06-02 00:00,77.0
1995-06-03 00:00,26.0
1995-06-04 00:00,122.0
1995-06-05 00:00,51.0
1995-06-06 00:00,0.0
1995-06-07 00:00,16.0
1995-06-08 00:00,0.0
1995-06-09 00:00,0.0
1995-06-10 00:00,19.0
1995-06-11 00:00,63.0
1995-06-12 00:00,73.0
1995-06-13 00:00,45.0
1995-06-14 00:00,6.0
1995-06-15 00:00,3.0
1995-06-16 00:00,17.0
1995-06-17 00:00,15.0
1995-06-18 00:00,0.0
1995-06-19 00:00,0.0
1995-06-20 00:00,0.0
1995-06-21 00:00,13.0
1995-06-22 00:00,3.0
1995-06-23 00:00,0.0
1995-06-24 00:00,0.0
1995-06-25 00:00,6.0
1995-06-26 00:00,23.0
1995-06-27 00:00,0.0
1995-06-28 00:00,0.0
1995-06-29 00:00,0.0
1995-06-30 00:00,0.0
1995-07-01 00:00,0.0
1995-07-02 00:00,0.0
1995-07-03 00:00,0.0
1995-07-04 00:00,0.0
1995-07-05 00:00,25.0
1995-07-06 00:00,39.0
1995-07-07 00:00,0.0
1995-07-08 00:00,20.0
1995-07-09 00:00,0.0
1995-07-10 00:00,0.0
1995-07-11 00:00,0.0
1995-07-12 00:00,0.0
1995-07-13 00:00,101.0
1995-07-14 00:00,0.0
1995-07-15 00:00,38.0
1995-07-16 00:00,13.0
1995-07-17 00:00,12.0
1995-07-18 00:00,45.0
1995-07-19 00:00,2.0
1995-07-20 00:00,19.0
1995-07-21 00:00,0.0
1995-07-22 00:00,12.0
1995-07-23 00:00,38.0
1995-07-24 00:00,29.0
1995-07-25 00:00,6.0
1995-07-26 00:00,105.0
1995-07-27 00:00,25.0
1995-07-28 00:00,12.0
1995-07-29 00:00,10.0
1995-07-30 00:00,3.0
1995-07-31 00:00,30.0
